user_id,session_id,content_id,interaction_index,interaction_timestamp,interaction_datetime,time_since_last_interaction,circadian_rhythm_embedding,scroll_speed,scroll_depth,hover_duration,back_click_count,filter_changes,click_type,time_to_click,search_query_length,search_abort_flag,abandonment_point,pause_frequency,rewatch_frequency,device_type,network_latency,battery_level,frustration_level,regulatory_focus,cognitive_load_index,decision_confidence_score,attention_span_indicator,exploration_exploitation_ratio,session_coherence,interaction_intensity_wave,navigation_efficiency,micro_pause_frequency,choice_deliberation_time,interaction_rhythm_consistency,platform_switching_frequency,cross_platform_ctr,social_viewing_context,cognitive_load_tolerance,exploration_vs_exploitation,exposure_position_ui,content_social_tags,qos_buffer_rate,watch_history_total_hours,watch_history_unique_titles,watch_history_platforms_used,social_proof_susceptibility,platform_preference_score,voice_command_tone,emotional_reaction_frequency,locus_of_control,self_monitoring_tendency,content_thematic_similarity,user_interface_adaptation_speed,user_profile_type,session_position,session_length,hour_of_day,day_of_week,is_weekend,is_peak_hours,content_engaged
user_0000,user_0000_session_000,,0,1748856085.464274,2025-06-02 14:51:25,0.0,0.2500000000000001,78.0,0.5357999590726732,7.437723643025568,0,1,play,7.321252703953017,0,True,0.0,0,0,fire_tv_stick,64.77879850412259,1.0752414896897127,0.0,0.4643731113910387,0.0,0.25,1.0,0.0,1.0,0.5,0.35,3.0,15.210226701298163,1.0,0.0,0.24415537355955375,True,0.8,0.0,9,True,0.6528487210343484,31.366886579771325,74,6,0.32009191162968254,0.5080302215584891,161.5227587765156,1.1490070824617564,0.25616607562022264,0.15201315362370071,0.45617412213861985,0.07703546755244069,social_watcher,0,9,14,0,False,False,0
user_0000,user_0000_session_000,,1,1748856118.0154874,2025-06-02 14:51:58,32.55121355824177,0.2500000000000001,82.8,0.5657476492093846,13.019181056211323,1,0,play,9.74063314221987,0,False,0.0,0,0,fire_tv_stick,90.35398561835109,0.996183393835443,0.12,0.3915724102122865,0.08,0.248125,1.0,0.0,1.0,0.5,0.34159999999999996,3.075,9.680346084001167,1.0,0.0,0.3828531911518712,True,0.8,0.0,16,False,0.771977433800168,25.99649909935126,74,6,0.44697337324966535,0.47102824495699336,0.0,0.7024927002359882,0.23897551237345863,0.2000129557779888,0.494009095641763,0.10321818279000215,social_watcher,1,9,14,0,False,False,0
user_0000,user_0000_session_000,,2,1748856125.6853786,2025-06-02 14:52:05,7.66989106108537,0.2500000000000001,82.8,0.6190532180553998,11.7499283439403,1,0,play,10.415454791602757,0,True,0.0,0,1,fire_tv_stick,35.097606606794976,0.9252373601490023,0.12,0.48177832181525704,0.08,0.24625,1.0,0.0,1.0,0.5,0.34159999999999996,3.15,10.859810890288845,1.0,0.0,0.11203233614686524,True,0.8,0.0,21,False,0.8711760274562927,12.210907453190176,81,6,0.39934631746870575,0.48869944046029173,0.0,0.7659495694284377,0.28805325539779136,0.2798213234713191,0.5459605356902179,0.16938514165411753,social_watcher,2,9,14,0,False,False,0
user_0000,user_0000_session_000,,3,1748856212.0124826,2025-06-02 14:53:32,86.32710411943397,0.2500000000000001,87.6,0.3506960858154256,7.917740607531975,0,1,play,11.587732736624275,0,True,0.0,0,0,fire_tv_stick,109.05218639277989,0.8546688392595283,0.24,0.4631453365810623,0.08,0.244375,1.0,0.0,1.0,0.5,0.33319999999999994,3.225,16.51503834628703,1.0,0.0,0.17914904142061605,True,0.8,0.0,16,False,0.7393151095877557,38.61606879587924,66,6,0.4911320440352186,0.6225279850450558,176.22558663074153,0.6211247953255161,0.3185685245641863,0.2091484058300493,0.5163219527577989,0.30670396738159156,social_watcher,3,9,14,0,False,False,0
user_0000,user_0000_session_000,,4,1748856245.6605635,2025-06-02 14:54:05,33.64808081579752,0.2500000000000001,92.4,0.3697512676316076,7.854169376308002,1,1,play,7.708840749501819,9,True,0.0,0,0,fire_tv_stick,37.423716074999255,0.750369943785988,0.36,0.42362574966356265,0.16,0.2425,1.0,0.0,1.0,0.5,0.3248,3.3,10.567548623959201,0.7570294912551288,0.0,0.4113597514258099,True,0.8,0.0,14,False,0.465332453088788,9.461351156026245,66,6,0.33377676523943006,0.8233774015954044,0.0,1.3055346957345444,0.3030683273691792,0.2555452913139805,0.8528488040179983,0.15154166883975706,social_watcher,4,9,14,0,False,False,0
user_0000,user_0000_session_000,,5,1748856338.862803,2025-06-02 14:55:38,93.202239592925,0.2500000000000001,97.2,0.5000668372791013,7.115262982740097,2,0,play,15.29708552538963,22,False,0.0,0,0,fire_tv_stick,13.069771856147339,0.8685321376116231,0.48,0.5232175443881286,0.24,0.240625,1.0,0.0,1.0,0.5,0.3164,3.375,9.901505447084661,0.884981489476987,0.0,0.46554791959144365,True,0.8,0.0,16,False,0.6770115659581685,105.31980579701393,78,6,0.34938003736537543,0.4675139607666687,0.0,0.46060706832465287,0.3051417834793624,0.2838495875614933,0.48029432627466123,0.2973402194389113,social_watcher,5,9,14,0,False,False,0
user_0000,user_0000_session_000,,6,1748856364.5490897,2025-06-02 14:56:04,25.686286650332047,0.2500000000000001,102.0,0.7103722219305111,7.094528941237056,3,1,play,16.635489053085607,0,True,0.0,0,0,fire_tv_stick,27.471011209014417,0.7467769536494765,0.6,0.46241134168118403,0.32,0.23875,1.0,0.0,1.0,0.5,0.308,3.45,12.183727710970368,0.8884684512194686,0.0,0.13624399647049304,True,0.8,0.0,4,False,0.7412260613353577,49.30492136063412,78,6,0.5199685133084465,0.22465838497235993,0.0,0.18495179321657979,0.2586179964271822,0.1700229259005408,0.7936088841643809,0.23557763639628382,social_watcher,6,9,14,0,False,False,0
user_0000,user_0000_session_000,,7,1748856452.0287597,2025-06-02 14:57:32,87.47967009986677,0.2500000000000001,106.8,0.41185426227029404,8.504962213038596,1,0,play,7.815377703256934,0,True,0.0,0,0,fire_tv_stick,105.58342118519523,0.9392153415779508,0.72,0.5165423776576191,0.4,0.236875,1.0,0.0,1.0,0.5,0.2996,3.525,11.844915926517388,0.9643799261397368,0.0,0.17641746532073296,True,0.8,0.0,17,False,0.6693531820748156,74.55334548661854,81,6,0.4649705604020641,0.5937222397608021,0.0,0.9013884622320933,0.3009976126491324,0.08768932757942474,0.3629877051058476,0.2385986150899018,social_watcher,7,9,14,0,False,False,0
user_0000,user_0000_session_000,,8,1748856506.4436045,2025-06-02 14:58:26,54.41484482105152,0.2500000000000001,111.6,0.15305466112627578,6.895889391908804,4,1,play,7.405824360539113,0,False,0.0,0,0,fire_tv_stick,80.06897124597383,0.9864839276386175,0.84,0.49663135258764035,0.4,0.23500000000000001,1.0,0.0,1.0,0.5,0.29119999999999996,3.6,9.900899854108276,0.6992761172462536,0.0,0.09714557453150188,True,0.8,0.0,7,True,0.7954465110732267,28.433703308321533,64,6,0.4615214077165015,0.22608389988600616,0.0,0.8636983173364355,0.28559626325868037,0.15234551670169122,0.5555948530394541,0.25183564033626543,social_watcher,8,9,14,0,False,False,0
user_0000,user_0000_session_001,,9,1749379003.464274,2025-06-08 16:06:43,0.0,0.06698729810778076,78.0,0.7371455654015554,6.3504649873777215,0,1,play,8.335601131228712,11,False,0.0,0,0,fire_tv_stick,90.87779708437837,1.0944001386078166,0.0,0.4699015706984886,0.0,0.25,1.0,0.0,1.0,0.5,0.35,3.0,9.484558504591293,1.0,0.0,0.09175373835910125,False,0.8,0.0,5,False,0.6388119213386837,36.06695597337444,99,6,0.4535881924675621,0.4594105838171232,0.0,0.04352563864654209,0.27939299267663387,0.14850061056238326,0.347866120938608,0.26760503466717833,social_watcher,0,8,16,6,True,False,0
user_0000,user_0000_session_001,,10,1749379034.5994341,2025-06-08 16:07:14,31.135160135546418,0.06698729810778076,78.0,0.7208373699937568,6.116349267814056,0,2,play,6.760079685909528,0,False,0.0,0,0,fire_tv_stick,94.73992775793859,0.9988523522302925,0.0,0.5037784989264593,0.08,0.248125,1.0,0.0,1.0,0.5,0.35,3.075,11.407201032195514,1.0,0.0,0.4253663251518848,False,0.8,0.0,9,False,0.699889050009626,30.52473298029039,79,6,0.34192032536370975,0.540038944979505,0.0,0.9867305039052395,0.2882559634239824,0.2429734817513685,0.5277235157631278,0.2401569999394916,social_watcher,1,8,16,6,True,False,0
user_0000,user_0000_session_001,,11,1749379042.9362812,2025-06-08 16:07:22,8.336847046350838,0.06698729810778076,78.0,0.37685575322190806,13.517555405297381,0,0,play,9.848437311138614,0,False,0.0,0,1,fire_tv_stick,90.31197586323167,1.0439993817507263,0.0,0.44526005990902745,0.16,0.24625,1.0,0.0,1.0,0.5,0.35,3.15,12.4616636563357,1.0,0.0,0.4323241800486685,False,0.8,0.0,16,False,0.7465330803402086,25.873054228661466,74,6,0.4339814452498624,0.7149265499773317,0.0,0.7949202251575613,0.254957134306736,0.22311195417438678,0.4722849502663144,0.1607434674602454,social_watcher,2,8,16,6,True,False,0
user_0000,user_0000_session_001,,12,1749379118.6851852,2025-06-08 16:08:38,75.74890397105116,0.06698729810778076,78.0,0.2282660908353553,13.957971175889977,0,1,play,6.805569719431446,13,True,0.0,0,0,fire_tv_stick,83.33046795388395,0.9496831801931772,0.0,0.4136728811867305,0.16,0.244375,1.0,0.0,1.0,0.5,0.35,3.225,12.606642565540053,1.0,0.0,0.3559888402955213,False,0.8,0.0,5,False,0.43316349203859444,27.23173990926901,80,6,0.47753382161510777,0.5320637771804665,0.0,0.25277687659832637,0.2251923728578515,0.13934685470384534,0.31366599024868796,0.10036496244837236,social_watcher,3,8,16,6,True,False,0
user_0000,user_0000_session_001,,13,1749379201.7785947,2025-06-08 16:10:01,83.09340947744882,0.06698729810778076,82.8,0.4318595638527076,6.535609995936291,1,1,play,6.610469359710383,0,False,0.0,0,0,fire_tv_stick,23.477633761172175,0.9772929299415078,0.12,0.5421654728783449,0.24,0.2425,1.0,0.0,1.0,0.5,0.34159999999999996,3.3,9.318946442326334,0.5132798871800623,0.0,0.36500952526060676,False,0.8,0.0,19,False,0.37294302898807274,68.68029100803696,75,6,0.4975210139735463,0.5545744253151762,0.0,0.6576191382676599,0.25175775272884987,0.10808035697746507,0.6914752577340285,0.20678538375698674,social_watcher,4,8,16,6,True,False,0
user_0000,user_0000_session_001,,14,1749379212.0354614,2025-06-08 16:10:12,10.256866678062567,0.06698729810778076,82.8,0.5148996748385661,6.553472274077126,0,2,play,9.30183926165667,13,False,0.0,0,0,fire_tv_stick,25.542628981281535,0.8284373457436429,0.12,0.4092016080882239,0.32,0.240625,1.0,0.0,1.0,0.5,0.34159999999999996,3.375,13.413113132756212,0.5477292107319993,0.0,0.5950459161360864,False,0.8,0.0,20,False,0.7902229229953138,77.69888880804001,76,6,0.44355596891435256,0.6400303537798718,0.0,0.1258210052382873,0.2546134852926082,0.16240031418298745,0.7693202805650329,0.23579517708035655,social_watcher,5,8,16,6,True,False,0
user_0000,user_0000_session_001,,15,1749379237.7240949,2025-06-08 16:10:37,25.688633395730488,0.06698729810778076,82.8,0.2864649431311832,12.182301265350796,1,3,play,13.091290836114124,18,False,0.0,0,0,fire_tv_stick,28.363245433044497,1.0383661252333551,0.12,0.5103691881308545,0.4,0.23875,1.0,0.0,1.0,0.5,0.34159999999999996,3.45,14.3337594656481,0.824259939136795,0.0,0.2865798820883094,False,0.8,0.0,3,False,0.8932880930699536,14.39676783054636,85,6,0.34777722762880303,0.3906461681465004,0.0,0.2804974556534932,0.22584162656164436,0.32817848478106926,0.7342927913571242,0.11536943077571368,social_watcher,6,8,16,6,True,False,0
user_0000,user_0000_session_001,,16,1749379250.2470753,2025-06-08 16:10:50,12.522980508289475,0.06698729810778076,82.8,0.24208916610347203,7.153516663361911,0,2,play,9.907901853080379,14,False,0.0,0,0,fire_tv_stick,8.125108889916541,0.9011659525107488,0.12,0.3657767953759237,0.48000000000000004,0.236875,1.0,0.0,1.0,0.5,0.34159999999999996,3.525,18.105701347208328,0.7214899761764222,0.0,0.46369603880060317,False,0.8,0.0,7,False,0.6811324868112107,61.19530831387773,73,6,0.3241443087093813,0.4086675631356943,158.49123332940354,0.03572895691743009,0.26303638653197975,0.11425002042935162,0.8517007547333001,0.2925777668119972,social_watcher,7,8,16,6,True,False,0
user_0001,user_0001_session_000,,17,1749038067.464274,2025-06-04 17:24:27,0.0,0.017037086855465844,90.0,0.9221699100212657,7.343321617119317,0,1,play,10.120795145095506,0,False,0.0,0,0,fire_tv_stick,23.353117185530483,1.1368840655222638,0.0,0.23196643065031533,0.0,0.6,1.0,0.0,1.0,0.5,0.5,1.6,5.311199601448009,1.0,0.0,0.5037604974800187,True,0.5,0.0,15,False,0.7891391787234399,58.04064677752374,71,6,0.8655013691323624,0.598550729098417,0.0,3.567637659474688,0.6322106771243814,0.24792879806260323,0.460096509057886,0.3783369522845826,social_watcher,0,8,17,2,False,False,0
user_0001,user_0001_session_000,,18,1749038234.858579,2025-06-04 17:27:14,167.39430492717406,0.017037086855465844,90.0,0.5039865141619637,3.4253369998694283,0,1,play,4.2943990879827165,0,False,0.0,0,0,fire_tv_stick,5.754709902416535,0.9201293896992389,0.0,0.3304107660844882,0.08,0.5955,1.0,0.0,1.0,0.5,0.5,1.675,10.034324602253028,1.0,0.0,0.26737949420888846,True,0.5,0.0,16,False,0.6361871042857248,26.866669307840233,69,6,0.7972555960926007,0.52243384909742,0.0,1.0042524340107646,0.546926425388434,0.3493565302684076,0.3794173660549811,0.35543415548244817,social_watcher,1,8,17,2,False,False,0
user_0001,user_0001_session_000,content_1,19,1749038263.9606447,2025-06-04 17:27:43,29.102065763506474,0.017037086855465844,90.0,0.13316332266037412,3.868970751098008,0,0,play,13.616406994720622,0,False,0.4,0,0,fire_tv_stick,139.97305013323,1.028055959649208,0.0,0.26412516034871675,0.16,0.591,1.0,0.5,1.0,0.5,0.5,1.75,5.277011158314693,1.0,0.0,0.09846256936056606,True,0.5,0.75,4,False,0.8818628664635447,12.254651292512913,77,6,0.919061105338217,0.1844955672771674,172.65673884554366,5.285885412700755,0.6075518636077929,0.42631987913647834,0.5747240086811334,0.42962002497634955,social_watcher,2,8,17,2,False,False,1
user_0001,user_0001_session_000,content_33,20,1749038374.60677,2025-06-04 17:29:34,110.64612524683872,0.017037086855465844,90.0,0.5907485245321222,3.650924448287237,0,0,play,4.1109695191366775,0,False,0.4,0,0,fire_tv_stick,33.995840819197674,0.8880435159226073,0.0,0.2763534636338972,0.16,0.5865,1.0,0.6666666666666666,0.8990112750927394,0.5,0.5,1.8250000000000002,7.751273167444891,1.0,0.0,0.4409802047038397,True,0.5,1.0,13,False,0.7031882973196416,87.8606204249536,75,6,0.8918933965162665,0.4109445337666801,0.0,1.3358685769244165,0.5990509527207061,0.37895998531460184,0.3661632995816226,0.29887114196612036,social_watcher,3,8,17,2,False,False,1
user_0001,user_0001_session_000,content_2,21,1749038381.6280859,2025-06-04 17:29:41,7.02131584128347,0.017037086855465844,90.0,0.4196529965048805,8.488139473492016,0,0,play,8.117141425347816,0,False,0.4,0,0,fire_tv_stick,35.12682786690966,1.0782275972722537,0.0,0.21482193983599723,0.16,0.582,1.0,0.75,0.735835262633658,0.5,0.5,1.9000000000000001,6.816287318036174,0.8397260119316589,0.0,0.1525029552376671,True,0.5,1.0,23,False,0.7907215756310219,79.06143952197526,71,6,0.8359049826795351,0.5126252360924037,0.0,0.38186211189027514,0.5608681970936662,0.3229806259869429,0.6627586889256198,0.14031921351786358,social_watcher,4,8,17,2,False,False,1
user_0001,user_0001_session_000,,22,1749038388.9974124,2025-06-04 17:29:48,7.369326681781436,0.017037086855465844,90.0,0.2760733987812562,5.197486052135384,0,1,play,7.7251620394019715,0,False,0.0,0,0,fire_tv_stick,57.69869644895046,1.0131705809380454,0.0,0.29248146126777164,0.16,0.5775,1.0,0.6,0.6757128500695108,0.5,0.5,1.975,6.5122377123436745,0.7257614622548866,0.0,0.1645497013975232,True,0.5,0.8999999999999999,17,True,0.9576557301439503,43.0462209596286,67,6,0.8139689042909967,0.6658835882899983,0.0,0.24224159516219668,0.6337661646163754,0.2261280196393108,0.40955609112012414,0.3361489576139641,social_watcher,5,8,17,2,False,False,0
user_0001,user_0001_session_000,content_22,23,1749038467.9676414,2025-06-04 17:31:07,78.97022890112034,0.017037086855465844,90.0,0.4430728129439152,4.136922209606155,0,0,play,4.710134446156601,0,False,0.4,0,0,fire_tv_stick,140.49155535847106,0.9526500624683506,0.0,0.3386983668288466,0.24,0.573,1.0,0.6666666666666666,0.6757128500695108,0.5,0.5,2.05,8.03181950124658,0.8235037410410606,0.0,0.2248761206293147,True,0.5,1.0,12,False,0.8238248322802417,44.49480881739321,77,6,0.8458660832766258,0.4071779633462683,0.0,0.5885530721002956,0.5478866624158439,0.20760647576015487,0.6007913326575532,0.39721397176833095,social_watcher,6,8,17,2,False,False,1
user_0001,user_0001_session_000,,24,1749038482.0219667,2025-06-04 17:31:22,14.054325378066252,0.017037086855465844,90.0,0.18746215464706034,4.079852249072575,0,1,play,4.020203050407441,0,False,0.0,0,0,fire_tv_stick,211.15320626237875,0.8570349867639236,0.0,0.2503628391371034,0.24,0.5685,1.0,0.5714285714285714,0.5818013177914902,0.5,0.5,2.125,12.402272204821553,0.841241392134643,0.0,0.2995614828113462,True,0.5,0.8571428571428571,19,True,0.6569847590522309,61.1104227326322,71,6,0.9086929953389845,0.39446530818343556,291.2446876387678,1.6425824675253649,0.6362460332180759,0.2980216042263058,0.8602094259001548,0.451888860183848,social_watcher,7,8,17,2,False,False,0
user_0001,user_0001_session_001,content_30,25,1749467981.464274,2025-06-09 16:49:41,0.0,0.06698729810778076,90.0,0.5592800190351195,3.834231526902565,0,0,play,4.314615441266957,0,True,0.4,0,0,fire_tv_stick,36.64583629741869,1.0155246578683708,0.0,0.3310176466561768,0.0,0.6,1.0,1.0,1.0,0.5,0.5,1.6,11.74483904173308,1.0,0.0,0.6495714986045852,True,0.5,1.0,15,False,0.49596386306714924,32.39337336285454,69,6,0.8744715721403424,0.6796198348761964,0.0,2.311285878999447,0.6183132534448216,0.16085970935920565,0.9742287786498086,0.3244816517270124,social_watcher,0,7,16,0,False,False,1
user_0001,user_0001_session_001,content_8,26,1749468004.9664764,2025-06-09 16:50:04,23.502202569768667,0.06698729810778076,94.8,0.28735131854652846,7.265131192332855,1,0,play,7.918078376105642,0,False,0.4,0,0,fire_tv_stick,14.138660180085843,1.0640785980206928,0.12,0.26418303418469813,0.0,0.5955,1.0,2.0,0.7602467661377703,0.5,0.488,1.675,4.981259970886144,1.0,0.0,0.32747582787894675,True,0.5,1.0,22,True,0.2406615499206403,41.32117635601501,76,6,0.8273975287158974,0.4921103830269709,0.0,1.6638081998982397,0.5508577063371667,0.4803311350696309,0.5818251864859894,0.3087612840003593,social_watcher,1,7,16,0,False,False,1
user_0001,user_0001_session_001,content_15,27,1749468073.2841756,2025-06-09 16:51:13,68.31769913926762,0.06698729810778076,94.8,0.36145812653860027,5.571299870348382,0,0,play,6.4753053902278594,0,False,0.4,0,0,fire_tv_stick,26.035451451443343,0.7982450247700568,0.12,0.3253252376958622,0.0,0.591,1.0,1.5,0.5173510261349588,0.5,0.488,1.75,8.793968165717992,1.0,0.0,0.3687293374390007,True,0.5,1.0,5,False,0.7064033572214599,58.24797387349657,63,6,0.8044859528078834,0.25425848303453347,0.0,0.25331823471146364,0.6061095954800354,0.14830548849297187,0.6269464484237057,0.312778976877223,social_watcher,2,7,16,0,False,False,1
user_0001,user_0001_session_001,,28,1749468083.332729,2025-06-09 16:51:23,10.04855352038645,0.06698729810778076,94.8,0.694030368840916,4.550938510560711,0,1,play,16.320681376435104,0,False,0.0,0,0,fire_tv_stick,81.94516311102295,0.8873323403031027,0.12,0.28150583587310285,0.0,0.5865,1.0,1.0,0.5287492174292376,0.5,0.488,1.8250000000000002,7.346027335902219,1.0,0.0,0.170435954131542,True,0.5,1.0,23,False,0.6306679114186277,32.61662584009073,76,6,0.7721783780732353,0.28943578832764416,0.0,1.5311069741731989,0.5700858047902437,0.21961967939329527,0.8606492779910119,0.38187373387044166,social_watcher,3,7,16,0,False,False,0
user_0001,user_0001_session_001,content_26,29,1749468163.4578433,2025-06-09 16:52:43,80.12511419852127,0.06698729810778076,94.8,0.5770959228628303,5.429908998401944,0,0,play,13.198961605745042,0,True,0.4,0,0,fire_tv_stick,88.74866767364486,1.016150945148265,0.12,0.3282513411578566,0.08,0.582,1.0,1.0,0.5287492174292376,0.5,0.488,1.9000000000000001,4.959941516051749,0.8275018827212772,0.0,0.2256060661566239,True,0.5,1.0,3,False,0.40275432404779016,34.29794132382909,88,6,0.7849007941891192,0.6024059607735277,0.0,1.0387738793982595,0.5959051279659097,0.4036986707243997,0.935613574612699,0.42220412171047805,social_watcher,4,7,16,0,False,False,1
user_0001,user_0001_session_001,content_18,30,1749468164.0086048,2025-06-09 16:52:44,0.5507613916782615,0.06698729810778076,99.6,0.438207057464789,6.382761529778419,0,0,play,11.06670773441003,0,True,0.4,0,1,fire_tv_stick,9.980571091426954,0.9017976488158717,0.24,0.39683183350052287,0.08,0.5775,1.0,1.0,0.6000775282134503,0.5,0.476,1.975,9.304238762208964,0.6235063102380031,0.0,0.6780430264020825,True,0.5,1.0,20,False,0.5646124165933105,70.08377473131074,67,6,0.8345301500176676,0.684697719549834,0.0,0.5073864156868463,0.5464670494237605,0.2440814006465777,0.5934555957002094,0.410817033702278,social_watcher,5,7,16,0,False,False,1
user_0001,user_0001_session_001,content_32,31,1749468173.6145127,2025-06-09 16:52:53,9.60590801414445,0.06698729810778076,104.4,0.31082672395483174,8.597053808167106,0,0,play,4.701634183648358,0,False,0.4,0,0,fire_tv_stick,43.27587372822265,0.9501379582388724,0.36,0.30325906766196475,0.08,0.573,1.0,1.0,0.6660454025841146,0.5,0.464,2.05,5.297007368721995,0.9742121264192638,0.0,0.2525597760978529,True,0.5,1.0,14,False,0.7067869903537997,40.20585709424951,74,6,0.8044475353466748,0.7816933940629642,0.0,0.9270357976998994,0.638753764178857,0.3021540160686298,0.6456467720046877,0.21094114451707485,social_watcher,6,7,16,0,False,False,1
user_0002,user_0002_session_000,content_47,32,1748766986.464274,2025-06-01 14:06:26,0.0,0.2500000000000001,98.0,0.15158418235933796,1.6797664307156315,0,1,play,4.4759151396706045,0,False,0.19999999999999996,0,1,fire_tv_stick,17.21165906092313,0.9945051241508919,0.0,0.16950869027515988,0.0,0.9,1.0,1.0,1.0,0.5,0.6,0.3999999999999999,3.5005147676142356,1.0,0.0,0.42846590577440485,False,0.2,1.0,21,True,0.22209710571265634,33.97290090205668,86,6,0.15567906985307942,0.3810687818133551,211.31829663125998,0.13846085618321183,0.8707905209859972,0.4703664870008931,0.608327658751715,0.5071499849729876,power_user,0,6,14,6,True,False,1
user_0002,user_0002_session_000,content_32,33,1748767021.3519363,2025-06-01 14:07:01,34.88766251356523,0.2500000000000001,98.0,0.4049723563645202,1.5917318814221124,0,0,play,3.293311068993438,0,False,0.19999999999999996,0,0,fire_tv_stick,7.5401610332595705,1.0407602812317625,0.0,0.21539922855212812,0.08,0.8932500000000001,1.0,2.0,0.6818934220408395,0.5,0.6,0.4749999999999999,12.625193053281581,1.0,0.0,0.4401582928948442,False,0.2,1.0,4,False,0.8523114467799205,81.06447517979582,81,6,0.09269004867144495,0.30186101217113687,0.0,0.048622638479858864,0.8411544805343576,0.3148975296139788,0.43179177625610515,0.39560073910243065,power_user,1,6,14,6,True,False,1
user_0002,user_0002_session_000,content_19,34,1748767041.7689116,2025-06-01 14:07:21,20.416975317685694,0.2500000000000001,98.0,0.5892598472067397,1.4227540652979862,0,0,play,3.232798968900286,0,False,0.19999999999999996,0,1,fire_tv_stick,79.86805140346102,0.982349087297528,0.0,0.12092331204774565,0.08,0.8865,1.0,1.5,0.7211542013249772,0.5,0.6,0.5499999999999999,4.479454450406429,1.0,0.0,0.20231512672613744,False,0.2,1.0,6,False,0.7770067409874634,41.543919536710256,70,6,0.15264824820603995,0.4244459488378233,236.37903325483984,0.04121966885409428,0.9036564015011042,0.20966556095507738,0.6628639733505033,0.33457850012060225,power_user,2,6,14,6,True,False,1
user_0002,user_0002_session_000,content_19,35,1748767072.5951571,2025-06-01 14:07:52,30.826245573626466,0.2500000000000001,98.0,0.3628872803490077,1.5348692645700246,0,2,play,1.8363412359585607,0,True,0.19999999999999996,0,1,fire_tv_stick,22.81028953243688,1.0226005433474525,0.0,0.2649978757038942,0.08,0.87975,1.0,1.0,0.7019657637534928,0.5,0.6,0.625,2.499596453738008,1.0,0.0,0.5556951227095691,False,0.2,1.0,8,True,0.6381013054948403,26.508725976401486,76,6,0.08312510764201828,0.7746741043901634,0.0,0.01192882046165264,0.8384378329366338,0.5342882725515223,0.5004360245940478,0.4107442233545701,power_user,3,6,14,6,True,False,1
user_0002,user_0002_session_000,,36,1748767081.9341846,2025-06-01 14:08:01,9.33902734379943,0.2500000000000001,102.8,0.5619821879185397,1.254233947117015,0,0,play,9.300000731264447,0,True,0.0,0,1,fire_tv_stick,42.95358483889861,0.9469679551280408,0.12,0.2755855376953687,0.16,0.873,1.0,0.75,0.6844563682100332,0.5,0.5856,0.7,10.030603815659425,0.5221911530082478,0.0,0.37874331186390603,False,0.2,1.0,14,False,0.7126112542557679,53.20527389935782,89,6,0.1626472501745158,0.4498438878956215,0.0,0.31152876646739935,0.8782399853862553,0.40098339865012433,0.4783063585055036,0.5361715664691317,power_user,4,6,14,6,True,False,0
user_0002,user_0002_session_000,,37,1748767108.996468,2025-06-01 14:08:28,27.06228345480705,0.2500000000000001,107.6,0.28111760746814884,2.1985892182440696,3,0,play,2.3135654728666384,0,False,0.0,0,0,fire_tv_stick,73.0910968731369,0.9177797122378166,0.24,0.17493667526300882,0.16,0.8662500000000001,1.0,0.6,0.6844563682100332,0.5,0.5711999999999999,0.7749999999999999,2.7985386698868897,0.8895388074430997,0.0,0.23613863248072423,False,0.2,0.8999999999999999,20,False,0.8686119728740971,30.948192611308492,61,6,0.16529083741492223,0.4086280392483652,0.0,0.10431103231351158,0.909533087385234,0.1079664289612318,0.44216242433989716,0.40730280532619617,power_user,5,6,14,6,True,False,0
user_0002,user_0002_session_001,,38,1749695859.464274,2025-06-12 08:07:39,0.0,0.9330127018922194,98.0,0.3076822358294535,0.9665462287471022,0,0,play,4.096904542387192,0,False,0.0,0,0,fire_tv_stick,30.27829944481755,1.05346413850096,0.0,0.15556956381935566,0.0,0.9,1.0,0.0,1.0,0.5,0.6,0.3999999999999999,2.456809350284937,1.0,0.0,0.39538566698421246,False,0.2,0.0,23,True,0.5397510948257961,21.378705910307442,77,6,0.08262898353077347,0.4398064108962451,0.0,0.0767557752234853,0.847586221052743,0.38190914096704864,0.5689924151237908,0.36191037532817116,power_user,0,8,8,3,False,False,0
user_0002,user_0002_session_001,,39,1749695898.5242918,2025-06-12 08:08:18,39.06001784426356,0.9330127018922194,98.0,0.13284089679653208,1.6108519675140696,0,0,play,8.500331441296467,0,False,0.0,0,1,fire_tv_stick,63.52632149065423,0.9798137362357511,0.0,0.22385581452439943,0.0,0.8932500000000001,1.0,0.0,1.0,0.5,0.6,0.4749999999999999,3.3090801923348283,1.0,0.0,0.26820478249398627,False,0.2,0.0,7,True,0.46604783967783375,27.214028779135,77,6,0.0972082361597728,0.7976709815396608,0.0,0.006195443568042839,0.8636781936481925,0.272822965151802,0.6032818460680047,0.4820497186709016,power_user,1,8,8,3,False,False,0
user_0002,user_0002_session_001,content_20,40,1749695922.9203033,2025-06-12 08:08:42,24.396011482314695,0.9330127018922194,98.0,0.13394253834759953,2.6704640987880577,0,0,play,2.8444888300161555,0,False,0.19999999999999996,0,0,fire_tv_stick,48.82814553011657,1.006111967595992,0.0,0.2053567678395309,0.0,0.8865,1.0,0.5,1.0,0.5,0.6,0.5499999999999999,2.288435819081529,1.0,0.0,0.167314564064891,False,0.2,0.75,20,False,0.5953323038646747,39.505944176210356,92,6,0.14321255205664357,0.46909114258211726,0.0,0.4339487348248852,0.908625287563962,0.42531687790920336,0.44876458996992613,0.4715355925872171,power_user,2,8,8,3,False,False,1
user_0002,user_0002_session_001,content_40,41,1749696006.3768432,2025-06-12 08:10:06,83.45653976962839,0.9330127018922194,98.0,0.3649236566496112,1.032722627470425,0,0,play,4.826550235270631,0,False,0.19999999999999996,0,0,fire_tv_stick,10.232215249058173,0.8512774264525717,0.0,0.2148915388545565,0.0,0.87975,1.0,0.6666666666666666,0.7522925918296897,0.5,0.6,0.625,1.2870202072532533,1.0,0.0,0.1492714050207419,False,0.2,1.0,14,False,0.760806527173745,35.19169376498013,82,6,0.2709684885201922,0.6561259390192824,0.0,0.26103552176385386,0.8681876528378577,0.3423805849811255,0.6660705009079938,0.46234102750888145,power_user,3,8,8,3,False,False,1
user_0002,user_0002_session_001,,42,1749696030.54781,2025-06-12 08:10:30,24.170966765941152,0.9330127018922194,98.0,0.5723235042683975,1.1603045399034497,0,0,play,4.287448066197572,0,False,0.0,0,1,fire_tv_stick,63.22981969982487,0.9928148794557005,0.0,0.2394276920058005,0.0,0.873,1.0,0.5,0.7325308383102815,0.5,0.6,0.7,4.319903460710964,0.6501757896447519,0.0,0.3438201533680278,False,0.2,0.75,22,False,0.7197389919947479,69.60864244391959,73,6,0.2540632965391204,0.2600723639070637,0.0,0.2221226292997972,0.8197303060011716,0.4850154134064192,0.5315739448722083,0.48221229730247694,power_user,4,8,8,3,False,False,0
user_0002,user_0002_session_001,content_22,43,1749696032.6553109,2025-06-12 08:10:32,2.107500771686468,0.9330127018922194,98.0,0.31854701429445403,3.1772271355326893,0,0,play,4.66910318983135,0,False,0.19999999999999996,0,0,fire_tv_stick,36.84010981638746,0.9060999588568307,0.0,0.2712378863084274,0.0,0.8662500000000001,1.0,0.6,0.7325308383102815,0.5,0.6,0.7749999999999999,2.5161312829677187,0.8054538191629963,0.0,0.13211201014106494,False,0.2,0.8999999999999999,4,False,0.31105346416465696,63.59281957506832,67,6,0.20915162989523065,0.5178927151646971,0.0,0.298104610838813,0.8857186696164593,0.46056658609091883,0.6775275108754363,0.45887767977071575,power_user,5,8,8,3,False,False,1
user_0002,user_0002_session_001,,44,1749696123.8653777,2025-06-12 08:12:03,91.21006671200507,0.9330127018922194,98.0,0.33867546144335303,1.9518891212922114,0,1,play,1.576267234144689,0,False,0.0,0,0,fire_tv_stick,55.573234398944436,0.8604542709787489,0.0,0.24832178536665425,0.0,0.8594999999999999,1.0,0.5,0.719641187476165,0.5,0.6,0.8499999999999999,5.179622255888111,0.5197132982766589,0.0,0.13189913259043196,False,0.2,0.75,21,False,0.7908541515707566,20.138303407527633,70,6,0.1675803758949017,0.6510359579275146,0.0,0.07857988754747842,0.8508400817325238,0.3837924930806293,0.15601628407145546,0.43840529394218064,power_user,6,8,8,3,False,False,0
user_0002,user_0002_session_001,content_17,45,1749696168.2058692,2025-06-12 08:12:48,44.3404914324651,0.9330127018922194,98.0,0.495800337078161,3.893549603781253,0,1,play,3.108764644255799,0,True,0.19999999999999996,0,0,fire_tv_stick,38.72985273246071,0.9546348351624708,0.0,0.17499654282496355,0.08,0.85275,1.0,0.5714285714285714,0.719641187476165,0.5,0.6,0.9249999999999998,1.9561838733245782,0.5434020295637991,0.0,0.32760476551594603,False,0.2,0.8571428571428571,7,False,0.37068764232551576,63.902107450782125,52,6,0.0950009021024312,0.3242814158610152,0.0,0.019170709208942985,0.8570940123179859,0.22087845987124857,0.8680366864100502,0.41311048999388633,power_user,7,8,8,3,False,False,1
user_0003,user_0003_session_000,content_33,46,1749207912.464274,2025-06-06 16:35:12,0.0,0.06698729810778076,98.0,0.822715555133671,2.555870305479518,0,1,play,0.8053717617531461,0,False,0.19999999999999996,0,0,fire_tv_stick,45.639006114472565,1.0247206865056464,0.0,0.2664695824960003,0.0,0.9,1.0,1.0,1.0,0.5,0.6,0.3999999999999999,1.4806222095866035,1.0,0.0,0.10571098141941931,False,0.2,1.0,9,False,0.8683747028867651,95.05517977965258,101,6,0.13492162684380807,0.2805170167398855,196.91603492109866,0.4623829255148044,0.8834666781913731,0.1007806924858948,0.23757613256371732,0.3340672531957654,power_user,0,8,16,4,False,False,1
user_0003,user_0003_session_000,content_47,47,1749207941.9947171,2025-06-06 16:35:41,29.53044308203795,0.06698729810778076,98.0,0.2939785066027857,4.647632429807323,0,0,play,1.2307246589915157,0,False,0.19999999999999996,0,0,fire_tv_stick,166.9661381438508,1.0796045940554908,0.0,0.17053740558776626,0.08,0.8932500000000001,1.0,2.0,0.44933150420335716,0.5,0.6,0.4749999999999999,9.20294833355139,1.0,0.0,0.393029326922299,False,0.2,1.0,24,True,0.7058271818127835,16.198632352990355,74,6,0.21603906638949355,0.6014567882089802,149.80977276123627,0.020037184316266058,0.8306266002853044,0.2980763795863391,0.4364919286587551,0.5197044270855861,power_user,1,8,16,4,False,False,1
user_0003,user_0003_session_000,content_15,48,1749207942.8483272,2025-06-06 16:35:42,0.8536101566960316,0.06698729810778076,98.0,0.33537938564789116,3.8272562370579206,0,0,play,4.5389090418004026,0,False,0.19999999999999996,0,1,fire_tv_stick,48.69300604378157,0.9350174506743613,0.0,0.22655475196788927,0.08,0.8865,1.0,1.5,0.5539957584560461,0.5,0.6,0.5499999999999999,2.600010819350957,1.0,0.0,0.14836226777834927,False,0.2,1.0,3,True,0.6334211846622089,50.042731616978074,80,6,0.182116361702633,0.6755953036447294,0.0,0.022408907469569708,0.8185582895432947,0.38039561853598075,0.8280210665177894,0.4494143846223391,power_user,2,8,16,4,False,False,1
user_0003,user_0003_session_000,,49,1749207943.2397401,2025-06-06 16:35:43,0.3914130343160134,0.06698729810778076,98.0,0.8131971016926942,2.5933272028232808,0,0,play,1.6441568308899575,0,False,0.0,0,0,fire_tv_stick,35.195580370790516,0.9211295047986952,0.0,0.14931957123445527,0.08,0.87975,1.0,1.0,0.43119827488315576,0.5,0.6,0.625,6.801236235345334,1.0,0.0,0.27373272675795296,False,0.2,1.0,23,False,0.6894390094136548,21.425618839810408,82,6,0.2305716487809984,0.6311071124890365,176.2103019217297,0.018470445087273777,0.8848439221421519,0.3675745312706636,0.4558400006618414,0.5202757394539296,power_user,3,8,16,4,False,False,0
user_0003,user_0003_session_000,,50,1749208038.4370532,2025-06-06 16:37:18,95.19731305345336,0.06698729810778076,98.0,0.1806740911243472,5.237852827946394,0,0,play,2.6668991068607433,0,False,0.0,0,1,fire_tv_stick,31.176328095354265,0.9176918652548024,0.0,0.18225345478532926,0.08,0.873,1.0,0.75,0.43119827488315576,0.5,0.6,0.7,1.6501264109976757,0.7777632228577533,0.0,0.1471430444950067,False,0.2,1.0,8,False,0.8650970265644493,72.97546117383985,67,6,0.08422676338207621,0.287981288540545,0.0,0.285496241080266,0.8745274402067744,0.5148934194785209,0.5130946551466844,0.3633320918767647,power_user,4,8,16,4,False,False,0
user_0003,user_0003_session_000,content_35,51,1749208046.2626264,2025-06-06 16:37:26,7.825573277525312,0.06698729810778076,98.0,0.4785236362709274,5.234312622930818,0,0,play,5.710350624971102,0,False,0.19999999999999996,0,2,fire_tv_stick,25.669540599307783,0.8500938545100144,0.0,0.1559116933779304,0.08,0.8662500000000001,1.0,0.8,0.43119827488315576,0.5,0.6,0.7749999999999999,2.507381495065474,0.6804589672749071,0.0,0.11010189006040458,False,0.2,1.0,19,False,0.5627214439378719,32.78461560205085,72,6,0.2555151270509637,0.6018407454541823,0.0,0.15937894052632381,0.8374228364415616,0.30578961075282374,0.1492209359570362,0.3200884932977757,power_user,5,8,16,4,False,False,1
user_0003,user_0003_session_000,content_24,52,1749208059.565297,2025-06-06 16:37:39,13.302670528704354,0.06698729810778076,98.0,0.3003041100560365,1.347371624593724,0,0,play,4.663429264588197,0,False,0.19999999999999996,0,1,fire_tv_stick,185.7790849200734,0.9586368482384892,0.0,0.0899114866883459,0.08,0.8594999999999999,1.0,0.8333333333333334,0.5184167799613529,0.5,0.6,0.8499999999999999,1.771105677320731,0.9755797727374338,0.0,0.4296334456486739,False,0.2,1.0,14,False,0.5066629505920575,50.00419346990122,77,6,0.2735976524588768,0.5852710837065069,0.0,0.23920934934767005,0.8951100802730892,0.45190270209008326,0.8353614437866266,0.4274594018912621,power_user,6,8,16,4,False,False,1
user_0003,user_0003_session_000,content_21,53,1749208142.1414835,2025-06-06 16:39:02,82.5761865782239,0.06698729810778076,98.0,0.6002060032488833,2.5323873089713977,0,0,play,3.7626342364150105,0,False,0.19999999999999996,0,1,fire_tv_stick,33.10686867726821,0.8455274002237471,0.0,0.26017737594606505,0.08,0.85275,1.0,0.8571428571428571,0.5944995882623842,0.5,0.6,0.9249999999999998,2.7460428415597136,0.5450224510368348,0.0,0.2137839016670415,False,0.2,1.0,2,False,0.6720569832235344,68.50894148126287,78,6,0.18502722268050825,0.7662068927063753,0.0,0.028416936140653784,0.8454115488428018,0.241459880723056,0.5832297374834244,0.48551161525816083,power_user,7,8,16,4,False,False,1
user_0003,user_0003_session_001,content_37,54,1749727294.464274,2025-06-12 16:51:34,0.0,0.06698729810778076,98.0,0.03126792269841088,1.508596684805752,0,0,play,13.408705317952993,0,False,0.19999999999999996,0,2,fire_tv_stick,69.6228699826188,0.949669204290162,0.0,0.2333060937691433,0.0,0.9,1.0,1.0,1.0,0.5,0.6,0.3999999999999999,2.642068214522972,1.0,0.0,0.26198339341596105,False,0.2,1.0,23,False,0.6234960727095405,29.22059997372949,75,6,0.2686728831569132,0.5804977220293777,0.0,0.18947596836690306,0.874494741189399,0.4015237324699363,0.6056335127824026,0.5391899363707146,power_user,0,9,16,3,False,False,1
user_0003,user_0003_session_001,,55,1749727378.513329,2025-06-12 16:52:58,84.04905520633655,0.06698729810778076,98.0,0.23567529208436516,2.3475077705460468,0,0,play,1.6421590787803373,0,False,0.0,0,1,fire_tv_stick,73.26627780818991,0.98465103302971,0.0,0.1333761706878901,0.0,0.8932500000000001,1.0,1.0,0.7150316159522966,0.5,0.6,0.4749999999999999,2.9194815885814194,1.0,0.0,0.0975843844660291,False,0.2,1.0,23,False,0.7071194440523956,23.87584518162826,85,6,0.197059663572775,0.8251826997599774,0.0,0.544510482780725,0.8608809595238255,0.25084622552255603,0.721954168457531,0.3927492956999879,power_user,1,9,16,3,False,False,0
user_0003,user_0003_session_001,content_40,56,1749727459.0056384,2025-06-12 16:54:19,80.49230927398446,0.06698729810778076,98.0,0.3261001650338967,1.4929719122333176,0,0,play,8.544834871591465,0,False,0.19999999999999996,0,2,fire_tv_stick,27.91213976529964,0.9305893887474822,0.0,0.12092711144472826,0.0,0.8865,1.0,1.0,0.7150316159522966,0.5,0.6,0.5499999999999999,2.9483970994326363,1.0,0.0,0.08928931892788201,False,0.2,1.0,24,False,0.5452508590560949,10.933967625428545,72,6,0.2655218625345246,0.3331068948645916,0.0,0.1170082445868244,0.8903388906193876,0.4769777360921648,0.7478542187392824,0.3987234897894549,power_user,2,9,16,3,False,False,1
user_0003,user_0003_session_001,content_18,57,1749727463.6404903,2025-06-12 16:54:23,4.6348520464774206,0.06698729810778076,98.0,0.5174494807811494,1.2592533616964627,0,0,play,3.0268579019629263,0,False,0.19999999999999996,0,2,fire_tv_stick,17.783882281017274,0.8954952491983923,0.0,0.22570565791717198,0.0,0.87975,1.0,1.0,0.5037932180951726,0.5,0.6,0.625,3.6692370029941412,1.0,0.0,0.15326348993010394,False,0.2,1.0,19,False,0.8724728198150989,27.09442219796077,77,6,0.23454169565938315,0.35476536023245797,0.0,0.05581233135620848,0.8517485741807106,0.3366462661452883,0.867252987085214,0.37834801352687014,power_user,3,9,16,3,False,False,1
user_0003,user_0003_session_001,content_19,58,1749727544.671,2025-06-12 16:55:44,81.03050973365332,0.06698729810778076,98.0,0.1161085935771198,3.5346478993032635,0,0,play,1.7477010254484884,0,False,0.19999999999999996,0,3,fire_tv_stick,11.494410363932008,1.044029098216555,0.0,0.2727655603022281,0.0,0.873,1.0,1.0,0.5289010696723369,0.5,0.6,0.7,3.503015191578399,0.7432925376751917,0.0,0.3507514679272613,False,0.2,1.0,9,False,0.33183275546157914,55.91994009033798,70,6,0.19439277718197745,0.3044626624869404,0.0,0.23109326777567918,0.8911152111059262,0.455061549742063,0.6046795455123087,0.4708114957200432,power_user,4,9,16,3,False,False,1
user_0003,user_0003_session_001,,59,1749727621.1228473,2025-06-12 16:57:01,76.4518472117284,0.06698729810778076,98.0,0.15087856872758793,5.53358195742121,0,2,play,14.199045924607976,0,False,0.0,0,0,fire_tv_stick,15.153748065660052,1.045966223033715,0.0,0.13771991490151456,0.0,0.8662500000000001,1.0,0.8,0.47612309445550105,0.5,0.6,0.7749999999999999,1.4152889871799579,0.5980458532444537,0.0,0.26948513311287803,False,0.2,1.0,12,False,0.5706778877298035,182.31130171955178,85,6,0.12677143658980053,0.37773336171550925,199.21574509944833,0.19873068892527487,0.8525557221698655,0.394828931603612,0.8616642559206612,0.3282106271795658,power_user,5,9,16,3,False,False,0
user_0003,user_0003_session_001,content_5,60,1749727630.3440926,2025-06-12 16:57:10,9.22124525862414,0.06698729810778076,98.0,0.5074174029153594,4.363907405804895,0,0,play,3.8988088880368723,0,True,0.19999999999999996,0,0,fire_tv_stick,81.29719633067758,0.8200588725286561,0.0,0.2540547127511003,0.08,0.8594999999999999,1.0,0.8333333333333334,0.47612309445550105,0.5,0.6,0.8499999999999999,1.711238307913924,0.9977827903064966,0.0,0.25235794696016095,False,0.2,1.0,2,False,0.818035457964097,70.08583815852776,86,6,0.1765048444060144,0.4608077935655753,0.0,0.3112447510946732,0.8924033162791454,0.10776966898737837,0.4834430616950074,0.34335246145257337,power_user,6,9,16,3,False,False,1
user_0003,user_0003_session_001,,61,1749727663.2403405,2025-06-12 16:57:43,32.89624778507565,0.06698729810778076,102.8,0.12931413545620635,2.1136737472127125,1,0,play,5.160459021888326,0,False,0.0,0,0,fire_tv_stick,80.75085616119507,0.7363084266331789,0.12,0.21559375524827457,0.08,0.85275,1.0,0.7142857142857143,0.5660194094462362,0.5,0.5856,0.9249999999999998,6.577617676045781,0.5005457156728778,0.0,0.49490062513414673,False,0.2,1.0,7,True,0.6142110542751259,53.84330665304396,77,6,0.22051123666192077,0.34845992865674436,170.9721656860155,0.03342031356513613,0.8912444462083107,0.36921131455177897,0.7156147333218111,0.36543251302898516,power_user,7,9,16,3,False,False,0
user_0003,user_0003_session_001,content_16,62,1749727738.9046185,2025-06-12 16:58:58,75.66427813153594,0.06698729810778076,102.8,0.08983430878296829,3.3881994718435786,2,1,play,13.374381076841098,0,True,0.19999999999999996,0,2,fire_tv_stick,13.904709591612315,0.8532590791014796,0.12,0.24825163173575665,0.08,0.8460000000000001,1.0,0.75,0.5660194094462362,0.5,0.5856,0.9999999999999999,6.745280959098039,0.8837332074862273,0.0,0.30133168252646786,False,0.2,1.0,21,True,0.899725202353621,31.874680115998967,79,6,0.17816581458153452,0.2439115468149325,0.0,0.3469150343870381,0.8119583864778925,0.12004308357244173,0.7730081705571928,0.4348095857467091,power_user,8,9,16,3,False,False,1
user_0004,user_0004_session_000,,63,1748774097.464274,2025-06-01 16:04:57,0.0,0.06698729810778076,122.0,0.24621882342295517,2.2786461404358835,0,3,play,2.3398201301861956,19,True,0.0,0,0,fire_tv_cube,34.73659435817119,0.9238535346269872,0.0,0.5384138271656865,0.0,0.8,1.0,0.0,1.0,0.5,0.9,0.7999999999999998,13.048458096018681,1.0,0.0,0.0693050433923671,False,0.3,0.0,16,False,0.7710213317151192,66.31044358339625,78,6,0.3775689068656629,0.5633822409921175,0.0,0.03258732863524098,0.7970877807713022,0.5379535975701684,0.5515203896698907,0.5944903080471354,focused_viewer,0,9,16,6,True,False,0
user_0004,user_0004_session_000,,64,1748774165.9514062,2025-06-01 16:06:05,68.4871323984796,0.06698729810778076,126.8,0.4920915620629275,1.679287992279815,0,2,play,10.807700459915099,0,False,0.0,0,1,fire_tv_cube,88.75478546124917,1.0364050240548688,0.12,0.41671826537421697,0.08,0.794,1.0,0.0,1.0,0.5,0.8784,0.8749999999999998,16.455064995782383,1.0,0.0,0.421524413805425,False,0.3,0.0,20,False,0.7478456028953833,34.74198154255194,76,6,0.20097813054301802,0.7994595603155168,158.3408468250754,0.9199199542184695,0.8187169118514238,0.5316615903387395,0.9343555963327669,0.4768789828004018,focused_viewer,1,9,16,6,True,False,0
user_0004,user_0004_session_000,,65,1748774198.1076946,2025-06-01 16:06:38,32.156288476493756,0.06698729810778076,126.8,0.6032502857070521,3.3511407666244675,0,1,play,7.283616801932085,0,False,0.0,0,0,fire_tv_cube,43.40905034421774,0.9458739843885361,0.12,0.4191872475621819,0.16,0.788,1.0,0.0,1.0,0.5,0.8784,0.9499999999999998,15.064500707379441,1.0,0.0,0.20199129979204647,False,0.3,0.0,23,False,0.5297232739424048,28.022301929453604,83,6,0.23516730760605842,0.6334173562919553,0.0,0.2050519858041242,0.8118385941005671,0.8256059013458424,0.6384141730483116,0.7698618804363898,focused_viewer,2,9,16,6,True,False,0
user_0004,user_0004_session_000,,66,1748774237.6766634,2025-06-01 16:07:17,39.56896869710476,0.06698729810778076,126.8,0.1399085559901858,1.8395563934550734,0,1,play,10.270965670137937,0,False,0.0,0,0,fire_tv_cube,79.09235561560492,0.9151760891863169,0.12,0.4156915771367371,0.24,0.782,1.0,0.0,1.0,0.5,0.8784,1.025,7.058219573863929,1.0,0.0,0.27343577662475177,False,0.3,0.0,1,False,0.5695421203639979,72.65118638643173,75,6,0.2916183489057762,0.3898583269915985,0.0,0.4271291360380006,0.8049950608441326,0.5065087253087321,0.553667105197458,0.6161907036792444,focused_viewer,3,9,16,6,True,False,0
user_0004,user_0004_session_000,,67,1748774240.3036945,2025-06-01 16:07:20,2.6270310095445804,0.06698729810778076,126.8,0.32608136490595135,2.499919653298238,1,1,play,3.9061921604963508,16,False,0.0,0,0,fire_tv_cube,39.014552879200785,0.8883603935970843,0.12,0.5272987118207957,0.32,0.776,1.0,0.0,1.0,0.5,0.8784,1.0999999999999999,9.493192131695103,0.7656276205838786,0.0,0.44513874400923087,False,0.3,0.0,14,False,0.5533261891726661,46.26714345345373,59,6,0.35038999466491194,0.4805806214702522,0.0,0.48143152045444104,0.7930891540959539,0.6517743154345306,0.40010611305371285,0.5729976034500084,focused_viewer,4,9,16,6,True,False,0
user_0004,user_0004_session_000,,68,1748774257.8507624,2025-06-01 16:07:37,17.547067852839188,0.06698729810778076,126.8,0.3557338228949333,2.199840361076833,0,1,play,14.989360575438832,0,False,0.0,0,1,fire_tv_cube,41.713355609728424,0.859439453805221,0.12,0.3474291682471062,0.4,0.77,1.0,0.0,1.0,0.5,0.8784,1.1749999999999998,8.566317780862867,0.9926272801547491,0.0,0.5059453093704579,False,0.3,0.0,10,False,0.5839435098483922,46.424881120425006,79,6,0.35973622512758635,0.18674715088726657,0.0,0.4671123482872694,0.7876057251208529,0.5066523236543742,0.4112187347860857,0.7253577492883271,focused_viewer,5,9,16,6,True,False,0
user_0004,user_0004_session_000,,69,1748774292.6544015,2025-06-01 16:08:12,34.80363906501091,0.06698729810778076,126.8,0.20656454599417148,2.546835515359528,1,2,play,15.930637093128414,0,False,0.0,0,0,fire_tv_cube,41.58609821690423,1.0616477765501173,0.12,0.4453671066235894,0.48000000000000004,0.764,1.0,0.0,1.0,0.5,0.8784,1.2499999999999998,13.4163965175613,0.6828693826038092,0.0,0.6021350924896687,False,0.3,0.0,21,False,0.7315011291330212,60.047437598040034,72,6,0.337168801426454,0.325371428682139,0.0,0.24502480782649186,0.7641086544181604,0.8226712683123022,0.9206516897025893,0.43342776264847155,focused_viewer,6,9,16,6,True,False,0
user_0004,user_0004_session_000,,70,1748774330.2464273,2025-06-01 16:08:50,37.59202569413609,0.06698729810778076,126.8,0.4418694355307101,2.333733053252747,1,1,play,3.837374000690569,0,False,0.0,0,0,fire_tv_cube,25.434760164419224,0.904939105535911,0.12,0.4741531534515643,0.56,0.758,1.0,0.0,1.0,0.5,0.8784,1.3249999999999997,3.6468823988344967,0.9625613873262089,0.0,0.29058316613004787,False,0.3,0.0,15,False,0.6340833231343209,45.819432505897666,81,6,0.23130123256530893,0.38483099037930507,0.0,0.1966593813166914,0.7890022263613696,0.6733286890551965,0.7124583697623528,0.700914156295099,focused_viewer,7,9,16,6,True,False,0
user_0004,user_0004_session_000,,71,1748774377.241918,2025-06-01 16:09:37,46.99549081116859,0.06698729810778076,126.8,0.12212849900680633,3.199657915312197,0,3,play,4.135097968951085,19,False,0.0,0,0,fire_tv_cube,67.37091481183086,0.8083906870458583,0.12,0.3622122029917938,0.64,0.7520000000000001,1.0,0.0,1.0,0.5,0.8784,1.4,3.811681729503234,0.5066269272037094,0.0,0.3610402439276259,False,0.3,0.0,6,False,0.48354643394211494,52.78439816680651,78,6,0.34993111549657063,0.8510747199031505,0.0,0.6542642869300113,0.7517789014079231,0.43258401210934005,0.849339855363639,0.6243863347272797,focused_viewer,8,9,16,6,True,False,0
user_0004,user_0004_session_001,,72,1749037553.464274,2025-06-04 17:15:53,0.0,0.017037086855465844,122.0,0.049214776209611094,3.0006625821943276,0,2,play,2.4752399380121117,0,False,0.0,0,1,fire_tv_cube,154.69810363919007,1.032048712593801,0.0,0.46317583347916325,0.0,0.8,1.0,0.0,1.0,0.5,0.9,0.7999999999999998,3.253298566840941,1.0,0.0,0.431538026388899,False,0.3,0.0,13,False,0.8312619414515452,72.9407864504924,86,6,0.28040355661607014,0.7560164186681255,0.0,0.7340011510275418,0.7328410975960832,0.783100216342316,0.5060404463669529,0.6213856580743028,focused_viewer,0,9,17,2,False,False,0
user_0004,user_0004_session_001,,73,1749037586.8605876,2025-06-04 17:16:26,33.396313667472384,0.017037086855465844,122.0,0.42826604234458215,1.8687513886309246,0,2,play,3.914772166707903,0,False,0.0,0,2,fire_tv_cube,90.92084058252375,0.9848681629929653,0.0,0.5002385306156365,0.08,0.794,1.0,0.0,1.0,0.5,0.9,0.8749999999999998,3.2078912153815056,1.0,0.0,0.2163645875201449,False,0.3,0.0,12,False,0.8409073998709901,3.7467036318396856,80,6,0.22839181911009765,0.43085459572598644,0.0,0.23888829753725174,0.7844694021112492,0.8266921697585286,0.5562814465041717,0.3341669952166544,focused_viewer,1,9,17,2,False,False,0
user_0004,user_0004_session_001,,74,1749037650.4665568,2025-06-04 17:17:30,63.60596912056321,0.017037086855465844,122.0,0.13945088448604098,3.5562985970256573,0,0,play,12.439004388573066,24,False,0.0,0,1,fire_tv_cube,29.104905302174128,0.9018141720024139,0.0,0.4920397672964971,0.16,0.788,1.0,0.0,1.0,0.5,0.9,0.9499999999999998,7.478309048930595,1.0,0.0,0.5354398686835902,False,0.3,0.0,24,False,0.8723210207457424,110.10670460727785,78,6,0.3312728306615076,0.49143545918907017,98.34416630248441,0.0400583312688272,0.7591303220657057,0.5764788489134085,0.7106661533880535,0.5758044264432006,focused_viewer,2,9,17,2,False,False,0
user_0004,user_0004_session_001,,75,1749037732.1045685,2025-06-04 17:18:52,81.63801170051623,0.017037086855465844,122.0,0.14606259187471357,1.86600780797052,0,2,play,2.451829980987646,0,True,0.0,0,2,fire_tv_cube,43.63396020105126,0.9092437906409225,0.0,0.4713588261342494,0.24,0.782,1.0,0.0,1.0,0.5,0.9,1.025,2.874070951865294,1.0,0.0,0.2933599010017556,False,0.3,0.0,5,False,0.5761162262193549,21.179967480069585,77,6,0.22144524079812183,0.5879571685493424,0.0,0.060449540567259936,0.8118479216374572,0.36113712096954276,0.4304166701444889,0.16201123231777892,focused_viewer,3,9,17,2,False,False,0
user_0004,user_0004_session_001,,76,1749037744.8792787,2025-06-04 17:19:04,12.774710284911528,0.017037086855465844,126.8,0.19261770754443897,6.751363985921405,0,1,play,3.219172661389445,0,False,0.0,0,0,fire_tv_cube,54.57271784307637,0.9353632327428363,0.12,0.3935760577639492,0.32,0.776,1.0,0.0,1.0,0.5,0.8784,1.0999999999999999,2.963161493824926,0.7969263955586947,0.0,0.32029022482933867,False,0.3,0.0,12,True,0.4928149623558535,14.0263422237443,74,6,0.24239360752789485,0.4000962321071365,166.01414615420984,1.1196659150783819,0.722895652475716,0.4831268884226637,0.82560796625085,0.6465229294168132,focused_viewer,4,9,17,2,False,False,0
user_0004,user_0004_session_001,,77,1749037801.7770326,2025-06-04 17:20:01,56.897754019921464,0.017037086855465844,126.8,0.07591868123577813,5.223728889768978,0,1,play,9.565104781145454,0,False,0.0,0,0,fire_tv_cube,109.84913881844011,1.057008517411906,0.12,0.3673350135437168,0.4,0.77,1.0,0.0,1.0,0.5,0.8784,1.1749999999999998,4.059275932124908,0.7387026454213419,0.0,0.1591789791800079,False,0.3,0.0,11,True,0.4867870177744034,85.32215903666093,68,6,0.3953609005195877,0.30592036012060764,0.0,0.4972822920584164,0.8146414930202317,0.49360984024148363,0.41795893843666604,0.33215652927425443,focused_viewer,5,9,17,2,False,False,0
user_0004,user_0004_session_001,,78,1749037846.2113562,2025-06-04 17:20:46,44.434323583285845,0.017037086855465844,126.8,0.27334455732353,2.5120279493749442,0,1,play,4.11370312811418,16,False,0.0,0,2,fire_tv_cube,13.776003783136275,0.9302980520183912,0.12,0.47215628493455314,0.48000000000000004,0.764,1.0,0.0,1.0,0.5,0.8784,1.2499999999999998,7.023515451500814,0.6562721821912758,0.0,0.22577785098193626,False,0.3,0.0,3,False,0.20776038815675138,43.116491605986035,86,6,0.23136053771907508,0.5308588910357328,0.0,0.17927318325977182,0.7350478188316034,0.29403188256492546,0.8389272391095272,0.5809365726125151,focused_viewer,6,9,17,2,False,False,0
user_0004,user_0004_session_001,,79,1749037851.805846,2025-06-04 17:20:51,5.594489734722339,0.017037086855465844,126.8,0.37405784528188135,3.9485332215630855,0,2,play,2.7643919375045862,21,False,0.0,0,0,fire_tv_cube,52.21308543544907,0.8703608364776861,0.12,0.42863488207125616,0.56,0.758,1.0,0.0,1.0,0.5,0.8784,1.3249999999999997,3.245070506284601,0.7253489092740804,0.0,0.6058862958609301,False,0.3,0.0,2,True,0.6211764532557497,38.684985318888494,43,6,0.2859331997374298,0.6611605226810312,0.0,0.1040746066898537,0.7292581722979038,0.6860815664136332,0.622381224805043,0.3153327828898567,focused_viewer,7,9,17,2,False,False,0
user_0004,user_0004_session_001,,80,1749037876.1798606,2025-06-04 17:21:16,24.374014654266603,0.017037086855465844,126.8,0.6318973271073745,4.52909675086564,0,1,play,16.244207406211345,0,False,0.0,0,1,fire_tv_cube,53.66030912768351,0.903853639459091,0.12,0.46705244666807255,0.64,0.7520000000000001,1.0,0.0,1.0,0.5,0.8784,1.4,4.3974034357528655,0.6874422376898447,0.0,0.0781198512058002,False,0.3,0.0,9,False,0.6841742340658872,55.040818771762694,86,6,0.30434151458241804,0.3380989520239826,0.0,0.12186828926682561,0.7349310032877182,0.6756746967841107,0.7389677313436717,0.5498520326264266,focused_viewer,8,9,17,2,False,False,0
user_0005,user_0005_session_000,,81,1749800985.464274,2025-06-13 13:19:45,0.0,0.37059047744873963,78.0,0.337602988456754,6.320717014693526,0,2,play,6.2050165090614735,0,False,0.0,0,0,fire_tv_stick,17.129597046538258,1.126586821407047,0.0,0.4926708046939702,0.0,0.25,1.0,0.0,1.0,0.5,0.35,3.0,9.505540854327622,1.0,0.0,0.1461910484432037,True,0.8,0.0,24,False,0.8125117366728294,49.412971572808665,73,6,0.45565050013920116,0.49182770003758286,0.0,0.6809611461687872,0.303135537197452,0.20973433023915197,0.434218257676159,0.3323593654125391,social_watcher,0,9,13,4,False,False,0
user_0005,user_0005_session_000,,82,1749801036.5114136,2025-06-13 13:20:36,51.04713971851439,0.37059047744873963,78.0,0.36740746066545654,6.341684216104493,0,1,play,6.883162467775777,0,False,0.0,0,0,fire_tv_stick,36.73613303527727,0.9822054976205898,0.0,0.5139915819737779,0.08,0.248125,1.0,0.0,1.0,0.5,0.35,3.075,10.588069409953869,1.0,0.0,0.2767867626809153,True,0.8,0.0,14,False,0.5651262891186665,84.60929405596613,89,6,0.3422549414787945,0.6410037370370335,0.0,2.441425603884977,0.23367256690678717,0.2168796716672581,0.7907943523565836,0.22005456687359082,social_watcher,1,9,13,4,False,False,0
user_0005,user_0005_session_000,,83,1749801118.86174,2025-06-13 13:21:58,82.35032651114126,0.37059047744873963,78.0,0.283583605064512,8.109107510646991,0,0,play,20.85089223647823,0,True,0.0,0,0,fire_tv_stick,21.374718089339506,1.0070292948851745,0.0,0.4163084839334278,0.16,0.24625,1.0,0.0,1.0,0.5,0.35,3.15,9.967634919436787,1.0,0.0,0.18020965831202068,True,0.8,0.0,22,False,0.8723101421918605,133.58352663698656,77,6,0.3294124945487674,0.2614399277288865,0.0,2.5682594611653493,0.30241647083452805,0.17384686399632193,0.5010626685176718,0.23134699513126092,social_watcher,2,9,13,4,False,False,0
user_0005,user_0005_session_000,,84,1749801178.4354124,2025-06-13 13:22:58,59.573672351167694,0.37059047744873963,82.8,0.1084073322463505,7.365791821952217,1,0,play,8.211473864356792,0,True,0.0,0,1,fire_tv_stick,17.435408983796403,0.936463268570394,0.12,0.5448387299025934,0.16,0.244375,1.0,0.0,1.0,0.5,0.34159999999999996,3.225,10.988670079008902,1.0,0.0,0.3528318102610112,True,0.8,0.0,15,True,0.4800625098497634,80.13193703413893,79,6,0.477539211457938,0.6959507670414276,0.0,1.7142277365287002,0.3035735612846361,0.16823907996332757,0.4864311899518175,0.1451689246882554,social_watcher,3,9,13,4,False,False,0
user_0005,user_0005_session_000,,85,1749801347.875578,2025-06-13 13:25:47,169.4401655886907,0.37059047744873963,87.6,0.5959392565046346,7.40125495213268,0,0,play,8.072437121496971,0,False,0.0,0,0,fire_tv_stick,68.08513058434971,0.9625288525316028,0.24,0.3669165068448351,0.16,0.2425,1.0,0.0,1.0,0.5,0.33319999999999994,3.3,12.924499634301101,0.754400218483616,0.0,0.11212836234003813,True,0.8,0.0,23,False,0.6971948676185885,26.69622598580878,70,6,0.4131437214330468,0.38527214592143455,0.0,0.6334354311086612,0.29314995186241954,0.25779388628640976,0.5052340505157624,0.09716496093453203,social_watcher,4,9,13,4,False,False,0
user_0005,user_0005_session_000,,86,1749801381.2928421,2025-06-13 13:26:21,33.41726434119142,0.37059047744873963,87.6,0.09362386362427724,9.261467561728912,0,1,play,6.6600946788569955,0,False,0.0,0,0,fire_tv_stick,86.55611711370781,0.9522884804901314,0.24,0.4238991079754895,0.16,0.240625,1.0,0.0,1.0,0.5,0.33319999999999994,3.375,11.229127229699138,0.7716100786095824,0.0,0.30361935781974037,True,0.8,0.0,19,True,0.8391111991240481,11.700801845271371,67,6,0.35856504926122046,0.32735525632598134,0.0,0.08043660926824313,0.2299735836461689,0.17679722765825442,0.5735247692756023,0.1226934679180915,social_watcher,5,9,13,4,False,False,0
user_0005,user_0005_session_000,,87,1749801405.1596391,2025-06-13 13:26:45,23.866796904859964,0.37059047744873963,87.6,0.5781843396529699,9.700896467683945,1,2,play,11.275824316230143,16,True,0.0,0,0,fire_tv_stick,33.639133923267984,0.9612883838311312,0.24,0.5582622477767132,0.24,0.23875,1.0,0.0,1.0,0.5,0.33319999999999994,3.45,12.861278278617327,0.6545249757078702,0.0,0.17897146180951792,True,0.8,0.0,15,False,0.5156743985993216,42.74932046631303,67,6,0.4608319209293176,0.29317616279561565,0.0,0.4988685132852362,0.288699413849801,0.16174594937118214,0.3127239113265157,0.3059802345236306,social_watcher,6,9,13,4,False,False,0
user_0005,user_0005_session_000,,88,1749801416.914819,2025-06-13 13:26:56,11.75517977977362,0.37059047744873963,92.4,0.5088760922521797,6.776202311846111,0,2,play,8.694808750423563,0,False,0.0,0,0,fire_tv_stick,86.06453256843665,0.8439152774530728,0.36,0.43656188680336894,0.32,0.236875,1.0,0.0,1.0,0.5,0.3248,3.525,9.081421699558176,0.6754552038080865,0.0,0.25494348069201456,True,0.8,0.0,16,False,0.5553723251673662,67.39233455045535,80,6,0.43243330938950003,0.2480663401588294,0.0,0.12406352426314977,0.2760674785194735,0.06891113371626022,0.7010710059170113,0.13575284052383588,social_watcher,7,9,13,4,False,False,0
user_0005,user_0005_session_000,,89,1749801440.109672,2025-06-13 13:27:20,23.194853172771854,0.37059047744873963,92.4,0.6543716641249469,9.827355102446155,1,1,play,13.0978318147123,11,False,0.0,0,0,fire_tv_stick,126.29092528235613,0.8942563980206548,0.36,0.5558023778270158,0.4,0.23500000000000001,1.0,0.0,1.0,0.5,0.3248,3.6,9.790378236798228,0.7919629661084393,0.0,0.17457320010457142,True,0.8,0.0,5,False,0.7636662706848009,28.96793404386759,91,6,0.48885905323649165,0.7154869357298658,0.0,2.0148180265843685,0.3005898553873153,0.1324126893976625,0.9505297419279687,0.2700540539112413,social_watcher,8,9,13,4,False,False,0
user_0005,user_0005_session_001,,90,1748779948.464274,2025-06-01 17:42:28,0.0,0.017037086855465844,78.0,0.13052931672448367,7.117506390866909,0,1,play,10.067087014487344,11,False,0.0,0,0,fire_tv_stick,29.84920138048455,1.0252245615905091,0.0,0.5083543854953315,0.0,0.25,1.0,0.0,1.0,0.5,0.35,3.0,22.924789287434486,1.0,0.0,0.22061037473051776,False,0.8,0.0,22,False,0.5758694728394559,64.4701388947696,75,6,0.5181767024052524,0.2350804385025566,0.0,1.6817075702357092,0.3033806839555998,0.1902700318645364,0.839613878892591,0.22857431140811027,social_watcher,0,9,17,6,True,False,0
user_0005,user_0005_session_001,,91,1748779956.7503257,2025-06-01 17:42:36,8.286051690505829,0.017037086855465844,78.0,0.49506418635004723,7.087260964980606,0,0,play,6.942794419826636,0,False,0.0,0,0,fire_tv_stick,20.192964941122774,0.982481694087946,0.0,0.5546114693587024,0.08,0.248125,1.0,0.0,1.0,0.5,0.35,3.075,11.275271510405062,1.0,0.0,0.18163340678790005,False,0.8,0.0,23,False,0.5992157135650492,18.268900227369144,79,6,0.5133579228054144,0.8545784435863728,0.0,2.56850318370419,0.30024506724260003,0.32286606632767745,0.4358720339959382,0.27463465590928055,social_watcher,1,9,17,6,True,False,0
user_0005,user_0005_session_001,,92,1748780003.2754705,2025-06-01 17:43:23,46.52514483519731,0.017037086855465844,78.0,0.4719370742281512,6.377615275634611,0,1,play,8.298153307196882,0,True,0.0,0,0,fire_tv_stick,16.43018989798557,0.9865939704065937,0.0,0.41539768750635675,0.08,0.24625,1.0,0.0,1.0,0.5,0.35,3.15,10.801882091906393,1.0,0.0,0.26093276050179953,False,0.8,0.0,13,False,0.801158066446121,102.28208259011551,68,6,0.3630063353709786,0.2508178210953203,0.0,1.4055200921173892,0.27755832929395635,0.239911985938814,0.7598693757093631,0.32756629793141323,social_watcher,2,9,17,6,True,False,0
user_0005,user_0005_session_001,,93,1748780049.086916,2025-06-01 17:44:09,45.81144557155779,0.017037086855465844,82.8,0.03633534675804595,6.870829621175715,0,0,play,7.244719560193893,0,False,0.0,0,0,fire_tv_stick,49.903509536676474,0.9990614741501029,0.12,0.3969312594599605,0.16,0.244375,1.0,0.0,1.0,0.5,0.34159999999999996,3.225,11.419643283725591,1.0,0.0,0.2024516662682577,False,0.8,0.0,9,True,0.8215638801814543,44.37924832480993,86,6,0.4870476387826487,0.4875676633915024,0.0,0.42196286910150277,0.2612247835292138,0.17462893672312182,0.2794626930100917,0.26783113782518536,social_watcher,3,9,17,6,True,False,0
user_0005,user_0005_session_001,,94,1748780095.7913575,2025-06-01 17:44:55,46.70444146672152,0.017037086855465844,82.8,0.3204431173631085,11.840417157045046,1,2,play,9.755018168614583,0,False,0.0,0,1,fire_tv_stick,12.803646575148766,0.9054450408691237,0.12,0.5048357002623616,0.16,0.2425,1.0,0.0,1.0,0.5,0.34159999999999996,3.3,13.458875654453433,0.5971576777420795,0.0,0.3331038564002375,False,0.8,0.0,20,True,0.7044399604173015,23.311268819605978,80,6,0.37923497691411234,0.6440299717337314,0.0,0.1095361238948819,0.254376471893406,0.19536153760326663,0.5083520151148211,0.29115933337791716,social_watcher,4,9,17,6,True,False,0
user_0005,user_0005_session_001,,95,1748780222.6322393,2025-06-01 17:47:02,126.84088190011181,0.017037086855465844,82.8,0.2051999203357777,10.007890597610368,0,2,play,8.798797759919921,0,True,0.0,0,0,fire_tv_stick,27.50019966493362,0.8348890557307718,0.12,0.5065517756576807,0.24,0.240625,1.0,0.0,1.0,0.5,0.34159999999999996,3.375,9.17753213625756,0.7740575394040865,0.0,0.34533035461543893,False,0.8,0.0,17,False,0.7704188895690407,38.74864340149989,94,6,0.4447948468084025,0.23772792892830275,0.0,0.05972732558029549,0.26337766560399134,0.220659308166142,0.6328324561080174,0.30066011734466375,social_watcher,5,9,17,6,True,False,0
user_0005,user_0005_session_001,,96,1748780245.7861967,2025-06-01 17:47:25,23.15395743817736,0.017037086855465844,87.6,0.656947524168686,7.786234964247584,0,1,play,8.1886954912845,10,False,0.0,0,0,fire_tv_stick,30.16238725544838,0.9342493871037731,0.24,0.4387668789979283,0.32,0.23875,1.0,0.0,1.0,0.5,0.33319999999999994,3.45,9.33663108613681,0.9441724564048409,0.0,0.3718710166466018,False,0.8,0.0,6,False,0.7842428678822247,125.64438064809826,73,6,0.3267723595472438,0.5209040399115406,0.0,0.0739299187744608,0.23265421186340915,0.10809804577692764,0.41715615487614055,0.21594964238569145,social_watcher,6,9,17,6,True,False,0
user_0005,user_0005_session_001,,97,1748780323.993973,2025-06-01 17:48:43,78.20777623154177,0.017037086855465844,87.6,0.5608259083015509,6.585427069377641,0,2,play,14.361515568843782,0,True,0.0,0,0,fire_tv_stick,61.36597601896205,0.9116903131925234,0.24,0.5376864323049846,0.4,0.236875,1.0,0.0,1.0,0.5,0.33319999999999994,3.525,9.149652974503852,0.5879749037907331,0.0,0.2614455330134923,False,0.8,0.0,8,True,0.6274048237073613,21.243261877956627,88,6,0.49468340839761094,0.2338159025521402,0.0,1.1570823682517857,0.2694751328819996,0.14986148549937317,0.3949309718362068,0.17231631421155907,social_watcher,7,9,17,6,True,False,0
user_0005,user_0005_session_001,,98,1748780683.6211505,2025-06-01 17:54:43,359.6271775896774,0.017037086855465844,92.4,0.23634267913796922,9.831731939353322,1,3,play,14.841837204124602,0,False,0.0,0,0,fire_tv_stick,21.142403073800747,0.8047012052075694,0.36,0.5571730004349024,0.48000000000000004,0.23500000000000001,1.0,0.0,1.0,0.5,0.3248,3.6,9.891081705877117,0.9751313035729285,0.0,0.2045159353102737,False,0.8,0.0,6,False,0.8735624812509062,11.947510614053495,87,6,0.3849717186246795,0.46296981036875867,0.0,0.9996057033786585,0.2336043356537809,0.32148121932677753,0.8685574156352732,0.3166492678046016,social_watcher,8,9,17,6,True,False,0
user_0006,user_0006_session_000,content_22,99,1748938890.464274,2025-06-03 13:51:30,0.0,0.37059047744873963,82.0,0.4775710965841083,4.552917729630181,0,0,play,6.568437323432852,0,False,0.6,0,1,fire_tv_stick,71.70322357634382,1.019398010224233,0.0,0.348903262588897,0.0,0.5,1.0,1.0,1.0,0.5,0.4,2.0,10.32483538423324,1.0,0.0,0.10741112155329342,True,0.7,1.0,13,False,0.674754324118807,40.296746246442254,69,6,0.5626284172560979,0.5813800471928668,138.88381729744881,1.4527863539331622,0.5223676967443486,0.11266043818218344,0.8679420045262344,0.21825440676274727,social_watcher,0,8,13,1,False,False,1
user_0006,user_0006_session_000,,100,1748938974.09562,2025-06-03 13:52:54,83.63134589054914,0.37059047744873963,82.0,0.15507968443706432,5.7334538551779115,0,0,play,5.298869170948455,0,False,0.0,0,0,fire_tv_stick,19.064975101546892,1.0780995071155826,0.0,0.36203514025360584,0.0,0.49625,1.0,1.0,0.4741156339476398,0.5,0.4,2.075,8.608196457103222,1.0,0.0,0.28024296233877954,True,0.7,1.0,11,True,0.22283727551952914,27.314121756554794,92,6,0.5359650846680426,0.41358404442943497,0.0,0.9918476186210851,0.4905509755952672,0.28933309526060874,0.7951288765309024,0.3465737773630621,social_watcher,1,8,13,1,False,False,0
user_0006,user_0006_session_000,,101,1748939055.2797618,2025-06-03 13:54:15,81.18414178739525,0.37059047744873963,82.0,0.22614347705766205,6.17178797700079,0,1,play,7.60735266742567,0,True,0.0,0,0,fire_tv_stick,59.943941364643436,1.050963340782516,0.0,0.2879022125968357,0.0,0.4925,1.0,0.5,0.4741156339476398,0.5,0.4,2.15,7.340343453993762,1.0,0.0,0.27637129382741166,True,0.7,0.75,2,False,0.8363449619332253,17.189641102639,56,6,0.4846501807260025,0.6323308996570441,0.0,0.7007546821139462,0.48591379727727074,0.2049036893548197,0.21086394222375732,0.10570003386948673,social_watcher,2,8,13,1,False,False,0
user_0006,user_0006_session_000,content_1,102,1748939078.579002,2025-06-03 13:54:38,23.299240175098014,0.37059047744873963,86.8,0.6710471085509573,5.258743558198253,1,0,play,4.816202029601645,0,False,0.6,0,0,fire_tv_stick,68.2647873268117,0.9545021748278577,0.12,0.3046383832746628,0.08,0.48875,1.0,0.6666666666666666,0.4741156339476398,0.5,0.3904,2.225,6.7127113884542435,1.0,0.0,0.15833786672812888,True,0.7,1.0,23,False,0.19968313429869014,54.26856038797106,76,6,0.5892095465198592,0.42106449564398785,179.25439534216122,0.06660787107873664,0.4893574559640572,0.27985363603223407,0.4242453149754578,0.36631344357339435,social_watcher,3,8,13,1,False,False,1
user_0006,user_0006_session_000,content_28,103,1748939120.1180053,2025-06-03 13:55:20,41.53900343007786,0.37059047744873963,86.8,0.1837404927108712,16.61376739545046,2,0,play,6.074979926012897,0,False,0.6,0,0,fire_tv_stick,64.56033366420876,0.9287931674495797,0.12,0.4219278184934496,0.08,0.485,1.0,0.75,0.3986985139675592,0.5,0.3904,2.3,9.74314316790446,0.8463609765297118,0.0,0.36523885076089074,True,0.7,1.0,12,False,0.6937052966497291,27.349762057488427,74,6,0.5316667752241394,0.5080530212157618,0.0,0.029843546621952863,0.4959305084117376,0.2445631327306631,0.6629820168644567,0.25497309463914575,social_watcher,4,8,13,1,False,False,1
user_0006,user_0006_session_000,,104,1748939171.183378,2025-06-03 13:56:11,51.06537260275659,0.37059047744873963,91.6,0.06679459665958853,4.912180479627818,1,0,play,4.599764527767571,0,False,0.0,0,0,fire_tv_stick,16.258721752333738,0.9707524101821767,0.24,0.35447612757464414,0.08,0.48125,1.0,0.6,0.4892693381652761,0.5,0.3808,2.375,6.49173768013703,0.8448541315659663,0.0,0.19040565281497582,True,0.7,0.8999999999999999,13,True,0.6981234831922145,20.76183777920287,63,6,0.6023377175910345,0.6865089845657942,0.0,1.2253810252959132,0.4694777479246348,0.12455866087571298,0.582047863934532,0.18941666707043492,social_watcher,5,8,13,1,False,False,0
user_0006,user_0006_session_000,content_45,105,1748939245.695254,2025-06-03 13:57:25,74.51187603301486,0.37059047744873963,91.6,0.13023390163167584,8.042816062643755,0,1,play,5.931223097096208,0,True,0.6,0,0,fire_tv_stick,56.7015466401664,0.941216109820002,0.24,0.3680803442595254,0.08,0.4775,1.0,0.6666666666666666,0.4892693381652761,0.5,0.3808,2.45,7.175439072576099,0.8788014560217698,0.0,0.11901405998418627,True,0.7,1.0,13,False,0.5004197634455863,63.555695531659694,75,6,0.48115551522638983,0.5112851507086252,0.0,0.5623499640066143,0.46826572980909537,0.2580079629621505,0.6846349364622841,0.3456357712441961,social_watcher,6,8,13,1,False,False,1
user_0006,user_0006_session_000,,106,1748939413.484364,2025-06-03 14:00:13,167.7891099308216,0.2500000000000001,96.4,0.24220722076625423,5.3299763384114875,0,0,play,5.519662209115681,0,False,0.0,0,0,fire_tv_stick,16.570628206901034,0.995346673819511,0.36,0.30300549652185704,0.16,0.47375,1.0,0.5714285714285714,0.5829876339679282,0.5,0.37120000000000003,2.525,6.716172384954378,0.8166420710957314,0.0,0.07585535557414147,True,0.7,0.8571428571428571,10,False,0.808865381257649,19.25970075425157,80,6,0.5598877854477655,0.45753146185041044,197.8615227511554,1.7209578241491252,0.49653466206631947,0.20464422478005037,0.5092622360698831,0.2805331832352268,social_watcher,7,8,14,1,False,False,0
user_0006,user_0006_session_001,content_22,107,1749896989.464274,2025-06-14 15:59:49,0.0,0.14644660940672644,82.0,0.24584944886459864,6.797994772823855,0,1,play,4.88729919401936,0,False,0.6,0,0,fire_tv_stick,39.94576948887098,1.0184549484012504,0.0,0.4287795560454497,0.0,0.5,1.0,1.0,1.0,0.5,0.4,2.0,7.747748911963091,1.0,0.0,0.17143779219515365,False,0.7,1.0,10,False,0.69800138174379,30.019945093334403,52,6,0.558461749747526,0.5018944402712081,0.0,1.2955130825521548,0.49978508325028803,0.3719465059860595,0.7959375462665585,0.3487681672606985,social_watcher,0,8,15,5,True,False,1
user_0006,user_0006_session_001,content_26,108,1749897094.7798991,2025-06-14 16:01:34,105.31562524767675,0.06698729810778076,82.0,0.17959205174169945,4.648986630128073,0,1,play,10.95559494105928,0,False,0.6,0,1,fire_tv_stick,48.09665787795405,0.9500080366102276,0.0,0.3483717721369641,0.08,0.49625,1.0,2.0,0.7132981978052978,0.5,0.4,2.075,10.59709158567881,1.0,0.0,0.16105597458857993,False,0.7,1.0,24,False,0.9221616599392602,142.3049609033254,87,6,0.48270065664541384,0.32631757380870036,0.0,1.187459121737624,0.4698635149251996,0.1807421707068575,0.7607754178714726,0.12289102451696854,social_watcher,1,8,16,5,True,False,1
user_0006,user_0006_session_001,content_25,109,1749897134.922898,2025-06-14 16:02:14,40.142998856613424,0.06698729810778076,82.0,0.20887462404056395,7.061316694338359,0,0,play,4.9444091306561475,0,False,0.6,0,0,fire_tv_stick,9.97425075229878,0.9023735764308703,0.0,0.28017161008202573,0.16,0.4925,1.0,1.5,0.5871490246731491,0.5,0.4,2.15,8.448480145416951,1.0,0.5,0.45785085578671175,False,0.7,1.0,16,False,0.6883981884114752,46.200037739566305,68,6,0.6266372860265874,0.7035250034125451,0.0,1.5338499896811641,0.47019076318757497,0.22663734347973002,0.5449951415440512,0.3273306801513529,social_watcher,2,8,16,5,True,False,1
user_0006,user_0006_session_001,,110,1749897141.4381554,2025-06-14 16:02:21,6.5152574480000265,0.06698729810778076,82.0,0.3724585172011162,6.24615849239631,0,0,play,7.8772947874569565,0,False,0.0,0,0,fire_tv_stick,136.83539802862506,0.9791585632934245,0.0,0.40026433240888926,0.16,0.48875,1.0,1.0,0.5687930990408069,0.5,0.4,2.225,6.866352882991602,1.0,0.3333333333333333,0.1977471287640941,False,0.7,1.0,6,True,0.8601131699370949,34.35576642097686,82,6,0.5733063533000838,0.4753972159531892,0.0,0.06325390164356662,0.5045628997352862,0.16623612547948272,0.7022099282018109,0.2717132766313376,social_watcher,3,8,16,5,True,False,0
user_0006,user_0006_session_001,,111,1749897186.3541238,2025-06-14 16:03:06,44.915968381284415,0.06698729810778076,82.0,0.6783547509734817,6.237301307112213,0,0,play,6.607546601807881,0,True,0.0,0,0,fire_tv_stick,22.7971169474558,0.9850199118440802,0.0,0.43002294402923946,0.16,0.485,1.0,0.75,0.5687930990408069,0.5,0.4,2.3,7.975116535654448,0.63830194244694,0.25,0.4015549222385386,False,0.7,1.0,4,True,0.52350338788406,37.39706944853262,81,6,0.6205034675684415,0.36493812386142055,0.0,1.1568883275544957,0.5424124179246428,0.2631825172654864,0.828516331265804,0.3573915633609862,social_watcher,4,8,16,5,True,False,0
user_0006,user_0006_session_001,,112,1749897211.849341,2025-06-14 16:03:31,25.495217194812405,0.06698729810778076,86.8,0.45314627084885056,6.948182506107921,1,2,play,9.749806176243885,0,True,0.0,0,0,fire_tv_stick,157.19812706403152,0.8520931066410412,0.12,0.37995178299185983,0.16,0.48125,1.0,0.6,0.5687930990408069,0.5,0.3904,2.375,7.606729541720801,0.544311556431873,0.2,0.2423006850209095,False,0.7,0.8999999999999999,24,True,0.914463062816042,21.167160629950274,73,6,0.5736263892797657,0.5769855162208186,0.0,0.5277945935739601,0.4941521389635082,0.33676648626161015,0.47143674051881274,0.27796382932928804,social_watcher,5,8,16,5,True,False,0
user_0006,user_0006_session_001,,113,1749897243.5739057,2025-06-14 16:04:03,31.7245648684052,0.06698729810778076,91.6,0.44284359652777133,5.426966672559523,0,0,play,6.6071967720381934,0,False,0.0,0,0,fire_tv_stick,62.67263695966251,1.0324313895147823,0.24,0.32781139915933155,0.24,0.4775,1.0,0.5,0.5687930990408069,0.5,0.3808,2.45,6.806523048999775,0.9185408668834356,0.16666666666666666,0.12366839123617743,False,0.7,0.75,24,True,0.8265996077282681,25.770355021531557,66,6,0.5178910073657392,0.4748470894518449,0.0,0.5753922822557899,0.4585140067550396,0.3351192818463534,0.7939989496277684,0.17315767412676872,social_watcher,6,8,16,5,True,False,0
user_0006,user_0006_session_001,content_37,114,1749897375.9637644,2025-06-14 16:06:15,132.3898588031019,0.06698729810778076,91.6,0.4110703268374351,4.640145823153398,1,0,play,6.9071032079257595,0,False,0.6,0,0,fire_tv_stick,67.03099623989964,0.9452399163636136,0.24,0.43719841971048734,0.24,0.47375,1.0,0.5714285714285714,0.5687930990408069,0.5,0.3808,2.525,14.408290775199553,0.8569560595790555,0.14285714285714285,0.2071168377842039,False,0.7,0.8571428571428571,22,False,0.84468444758371,39.75785566039318,80,6,0.5008484832094369,0.35173112576888094,0.0,1.5043447865897637,0.4915202977769506,0.23013749176672038,0.7618969496871689,0.13747262150894052,social_watcher,7,8,16,5,True,False,1
user_0007,user_0007_session_000,content_27,115,1749635034.464274,2025-06-11 15:13:54,0.0,0.14644660940672644,90.0,0.47464591240179244,3.680262225501518,0,0,play,6.787579816521346,0,False,0.4,0,0,fire_tv_stick,68.9577617438039,1.0318879727669819,0.0,0.39457105278488835,0.0,0.6,1.0,1.0,1.0,0.5,0.5,1.6,8.330180888462642,1.0,0.0,0.5010195797172298,True,0.5,1.0,12,True,0.7170089654498583,54.480480666752,83,6,0.7279088464808375,0.3088338701160531,198.94865825148014,3.1868929324400654,0.6137465596637512,0.4161906859918955,0.7056147030852693,0.18170394270716456,social_watcher,0,7,15,2,False,False,1
user_0007,user_0007_session_000,content_5,116,1749635071.4537868,2025-06-11 15:14:31,36.98951290746541,0.14644660940672644,90.0,0.13008881623042404,6.353958916152587,0,0,play,5.757655408646155,0,True,0.4,0,0,fire_tv_stick,41.18928128641779,0.9241766884346977,0.0,0.218658105971239,0.0,0.5955,1.0,2.0,0.983608656485666,0.5,0.5,1.675,5.77553098479089,1.0,0.0,0.2388941726703423,True,0.5,1.0,11,False,0.7279838177011455,54.90046098075919,78,6,0.8022664397684824,0.4401908473542766,0.0,0.9514495674794082,0.6115039091423354,0.29869291381264884,0.3596292394304803,0.3373131810924815,social_watcher,1,7,15,2,False,False,1
user_0007,user_0007_session_000,content_24,117,1749635136.3869338,2025-06-11 15:15:36,64.93314694501225,0.14644660940672644,94.8,0.6817722860593136,10.935004431525007,0,0,play,5.467986976032264,0,True,0.4,0,1,fire_tv_stick,8.785453695118555,1.0198734315229858,0.12,0.34195157191229436,0.0,0.591,1.0,1.5,0.8393181742406204,0.5,0.488,1.75,7.952740976339148,1.0,0.0,0.3846609002885751,True,0.5,1.0,2,False,0.6772589179455124,49.69846443539464,85,6,0.8051175349231193,0.45263898561113397,0.0,0.810341229926129,0.6142974591268429,0.2465508671146386,0.4978935659859942,0.146809678307147,social_watcher,2,7,15,2,False,False,1
user_0007,user_0007_session_000,,118,1749635145.7678123,2025-06-11 15:15:45,9.380878403658853,0.14644660940672644,99.6,0.3136898617912978,4.53161584128576,0,0,play,7.097846102528182,0,True,0.0,0,0,fire_tv_stick,67.36329713714319,0.8894691799270357,0.24,0.36314013569887305,0.0,0.5865,1.0,1.0,0.6682999881352233,0.5,0.476,1.8250000000000002,7.2213298376680495,1.0,0.0,0.3018995418708229,True,0.5,1.0,14,False,0.8123516345108724,18.669982195263582,67,6,0.749717316316622,0.655783088154353,0.0,0.6888671979172853,0.5693070781122268,0.10046269869072812,0.5636927646176825,0.4272873943370143,social_watcher,3,7,15,2,False,False,0
user_0007,user_0007_session_000,content_16,119,1749635150.760523,2025-06-11 15:15:50,4.992710716879117,0.14644660940672644,104.4,0.2621360396657394,5.668767121147912,2,0,play,17.38742349448858,0,True,0.4,0,0,fire_tv_stick,30.801730342819322,1.0651337284446047,0.36,0.24067106716454556,0.0,0.582,1.0,1.0,0.6682999881352233,0.5,0.464,1.9000000000000001,6.020946882647678,0.5273119553449732,0.0,0.34638231008702725,True,0.5,1.0,8,False,0.4536380147469988,39.60194333887331,66,6,0.807125172379496,0.6825202077845467,0.0,0.3927941130966545,0.6391353127353541,0.22355925581622307,0.702608079707834,0.3862714914942623,social_watcher,4,7,15,2,False,False,1
user_0007,user_0007_session_000,,120,1749635249.4904017,2025-06-11 15:17:29,98.7298785643993,0.14644660940672644,109.2,0.19206037499460832,4.5312498633711,3,0,play,5.426659361248479,0,False,0.0,0,0,fire_tv_stick,37.409492641858414,0.7663503656162295,0.48,0.2850668519928805,0.0,0.5775,1.0,0.8,0.5550534382416803,0.5,0.452,1.975,6.67421342811004,0.8906415973449218,0.0,0.3028749487422356,True,0.5,1.0,21,False,0.7506156138296645,13.33992874651968,77,6,0.8628338097129368,0.525863683708147,0.0,1.5430761028382407,0.6362738892738681,0.331482508319031,0.6402268780428633,0.2851698397251185,social_watcher,5,7,15,2,False,False,0
user_0007,user_0007_session_000,content_10,121,1749635261.8918643,2025-06-11 15:17:41,12.40146247651094,0.14644660940672644,114.0,0.24124488105811162,4.914232221758493,1,0,play,7.04693004697117,0,False,0.4,0,1,fire_tv_stick,8.018310484158421,0.9489500941707807,0.6,0.3806701641359409,0.0,0.573,1.0,0.8333333333333334,0.5550534382416803,0.5,0.44,2.05,4.8177320759763775,0.8645068150558447,0.0,0.20989797086635215,True,0.5,1.0,13,False,0.8445122490176321,83.93765501525226,74,6,0.8961828534787587,0.31934687265089917,132.06764615736603,5.060577938565403,0.5567601859431148,0.33227735153317156,0.60021792110882,0.30001157863974415,social_watcher,6,7,15,2,False,False,1
user_0007,user_0007_session_001,content_11,122,1749212916.464274,2025-06-06 17:58:36,0.0,0.017037086855465844,90.0,0.2822495337301029,4.429260968593372,0,0,play,6.865760569657251,0,False,0.4,0,0,fire_tv_stick,76.56856393694959,1.128732467883449,0.0,0.22480137464659056,0.0,0.6,1.0,1.0,1.0,0.5,0.5,1.6,7.5681959520984865,1.0,0.0,0.43519433676367203,True,0.5,1.0,24,True,0.7967619263004168,103.00960179941112,87,6,0.8769820461006819,0.6224055131750582,0.0,0.8247501828323339,0.5907530777498413,0.3575120776875123,0.5005052230356086,0.1727364770165517,social_watcher,0,7,17,4,False,False,1
user_0007,user_0007_session_001,content_45,123,1749212916.6411614,2025-06-06 17:58:36,0.1768874925080468,0.017037086855465844,90.0,0.3667598294419486,4.0253573805465415,0,0,play,4.521553839871814,0,False,0.4,0,1,fire_tv_stick,21.757018663436035,0.8765842166601843,0.0,0.21365546464890686,0.0,0.5955,1.0,2.0,0.611840465455985,0.5,0.5,1.675,10.309449515325216,1.0,1.0,0.15709520277837946,True,0.5,1.0,4,False,0.5065514248517049,23.460459248893276,77,6,0.9165021827369122,0.1066534102658007,0.0,2.9309182617800293,0.6259410576816432,0.2548015003290765,0.6923115287315221,0.15699112286654207,social_watcher,1,7,17,4,False,False,1
user_0007,user_0007_session_001,content_32,124,1749212923.1293485,2025-06-06 17:58:43,6.488187071456248,0.017037086855465844,90.0,0.32089130877463834,8.84057245587648,0,1,play,10.820703195890648,0,False,0.4,0,2,fire_tv_stick,43.129999386039835,0.8456067381096168,0.0,0.3851169998801723,0.0,0.591,1.0,1.5,0.7737667497817111,0.5,0.5,1.75,6.67273259085181,1.0,0.5,0.2701263487198808,True,0.5,1.0,20,False,0.47799289895127123,6.821867775409044,57,6,0.8694240321850354,0.6019363474713171,0.0,0.8794412932187966,0.5830370726405543,0.3240953277484868,0.9788436330339687,0.2633542889109512,social_watcher,2,7,17,4,False,False,1
user_0007,user_0007_session_001,,125,1749212977.0258539,2025-06-06 17:59:37,53.89650545845114,0.017037086855465844,90.0,0.695464691839605,6.514869127272198,0,0,play,10.288791339274809,0,False,0.0,0,0,fire_tv_stick,46.208764991608334,0.8901833259052254,0.0,0.3303246613894065,0.08,0.5865,1.0,1.0,0.6098217612341066,0.5,0.5,1.8250000000000002,6.354056033289548,1.0,0.3333333333333333,0.5566176617024572,True,0.5,1.0,1,False,0.24693315456191492,24.953687238805617,69,6,0.74082070294762,0.4833723619591572,186.19998875287564,1.4640882595332874,0.5673736351777919,0.33166054068955164,0.23938714295620672,0.26915666113583775,social_watcher,3,7,17,4,False,False,0
user_0007,user_0007_session_001,content_12,126,1749213029.982739,2025-06-06 18:00:29,52.95688510819652,0.0,90.0,0.4465476964123879,3.712801885890419,0,0,play,4.440755140345549,0,False,0.4,0,0,fire_tv_stick,129.74908569528418,1.0227293341836223,0.0,0.46598863963452647,0.08,0.582,1.0,1.0,0.6098217612341066,0.5,0.5,1.9000000000000001,8.937007966925904,0.5007186455827919,0.25,0.2537295904323015,True,0.5,1.0,1,False,0.6712191970444426,131.97975924573407,89,6,0.8552663396521518,0.32242596472234786,0.0,3.636480863503106,0.6147273870229141,0.2594604264479066,0.4082259243203694,0.2773194454025335,social_watcher,4,7,18,4,False,True,1
user_0007,user_0007_session_001,content_3,127,1749213066.4485373,2025-06-06 18:01:06,36.465798270856794,0.0,90.0,0.5315329045571847,4.215106876348692,0,0,play,7.686270383255758,0,True,0.4,0,0,fire_tv_stick,46.22097648903317,0.8327585302350075,0.0,0.5153176022730395,0.08,0.5775,1.0,1.0,0.6161727541097588,0.5,0.5,1.975,8.432693818467694,0.847876763822816,0.2,0.5021207860101711,True,0.5,1.0,14,False,0.4573492352264229,10.040656404120634,78,6,0.8666516805519661,0.5698212197145079,0.0,1.1245368316265252,0.5780310601050572,0.3372163979714403,0.39497760361546513,0.32444455374329373,social_watcher,5,7,18,4,False,True,1
user_0007,user_0007_session_001,content_10,128,1749213071.7925012,2025-06-06 18:01:11,5.343963796779554,0.0,94.8,0.4192718126651041,5.121790931937682,0,0,play,3.8880289101494796,0,False,0.4,0,1,fire_tv_stick,28.253034266369692,0.8343980555398228,0.12,0.4605389863813981,0.08,0.573,1.0,1.0,0.6699737138143382,0.5,0.488,2.05,4.908238045619713,0.6133879004036595,0.16666666666666666,0.20222577639442912,True,0.5,1.0,20,False,0.30042312687183,99.45485158514633,72,6,0.8715416408147639,0.24350724642997906,0.0,3.8540382184083835,0.6030092668211717,0.18858221058252803,0.9279327131860746,0.3697006250234973,social_watcher,6,7,18,4,False,True,1
user_0008,user_0008_session_000,,129,1749631803.464274,2025-06-11 14:20:03,0.0,0.2500000000000001,122.0,0.38402024028821535,2.6691359956871556,0,1,play,1.6714448879817836,0,False,0.0,0,0,fire_tv_cube,145.53656147464713,0.9946341872166063,0.0,0.3488697974961619,0.0,0.8,1.0,0.0,1.0,0.5,0.9,0.7999999999999998,6.284858941072841,1.0,0.0,0.5411783051435012,False,0.3,0.0,4,False,0.846307835605911,50.78742527351012,85,6,0.3472713145292804,0.8194186472847332,0.0,0.3924029176604428,0.7905355435826885,0.83816355451125,0.5644355009305243,0.7281915310892356,focused_viewer,0,8,14,2,False,False,0
user_0008,user_0008_session_000,,130,1749631927.4293587,2025-06-11 14:22:07,123.96508490139865,0.2500000000000001,122.0,0.15596588882620638,2.6472059277474482,0,0,play,4.168635783900985,0,False,0.0,0,1,fire_tv_cube,95.33772789364846,0.9674812813658478,0.0,0.4067074765574899,0.08,0.794,1.0,0.0,1.0,0.5,0.9,0.8749999999999998,13.158488680452042,1.0,0.0,0.3064867171568579,False,0.3,0.0,21,True,0.5475044347255991,66.65278549730013,64,6,0.3587004572686991,0.5555773827940745,0.0,0.28121503881068327,0.8081093284564761,0.5316522368763826,0.5412972887331565,0.2705701053049768,focused_viewer,1,8,14,2,False,False,0
user_0008,user_0008_session_000,,131,1749632040.5498717,2025-06-11 14:24:00,113.12051305945963,0.2500000000000001,122.0,0.2559553418379501,7.299626120049863,0,1,play,2.837302891459819,0,False,0.0,0,0,fire_tv_cube,28.1901109447036,1.0322360459922342,0.0,0.39215634783319,0.08,0.788,1.0,0.0,1.0,0.5,0.9,0.9499999999999998,4.848581064923746,1.0,0.0,0.4777430297302605,False,0.3,0.0,4,False,0.742982040919726,79.18945444770779,68,6,0.3148869860383868,0.533611051956692,0.0,0.4798961773608488,0.7279243775577953,0.21635098574464237,0.4561143027288525,0.5222254965025195,focused_viewer,2,8,14,2,False,False,0
user_0008,user_0008_session_000,,132,1749632076.5079432,2025-06-11 14:24:36,35.95807151155543,0.2500000000000001,122.0,0.6769973481481184,2.9657316576979564,0,0,play,6.381057043704282,0,False,0.0,0,0,fire_tv_cube,85.8575252136601,1.0242425924180354,0.0,0.4474155863043513,0.16,0.782,1.0,0.0,1.0,0.5,0.9,1.025,7.46557298479018,1.0,0.0,0.2802928173617846,False,0.3,0.0,16,False,0.5115545441382646,19.973655653877614,81,6,0.26603790963143653,0.17299127667127748,0.0,1.9176017868153201,0.7328133779000637,0.39320179479235046,0.7525546959467836,0.5200629463543539,focused_viewer,3,8,14,2,False,False,0
user_0008,user_0008_session_000,,133,1749632133.3924046,2025-06-11 14:25:33,56.88446131862073,0.2500000000000001,122.0,0.325274444094652,4.0268850866694335,0,1,play,3.593675574860553,19,False,0.0,0,2,fire_tv_cube,17.167025585751087,0.9211276253547304,0.0,0.45947538337667615,0.16,0.776,1.0,0.0,1.0,0.5,0.9,1.0999999999999999,5.738825545629304,0.5466076773273483,0.0,0.15703119963216153,False,0.3,0.0,14,False,0.6559568141447464,63.442424957041254,84,6,0.3645755507895634,0.5117831917577739,0.0,1.165534543649006,0.7601395757372511,0.6087048779464229,0.5458032462424665,0.672475670157234,focused_viewer,4,8,14,2,False,False,0
user_0008,user_0008_session_000,,134,1749632153.5451126,2025-06-11 14:25:53,20.15270799893124,0.2500000000000001,122.0,0.2808520360946045,2.960772077870031,0,1,play,3.602411953961971,0,False,0.0,0,0,fire_tv_cube,86.8106266693214,0.773475137220116,0.0,0.35540899453396374,0.24,0.77,1.0,0.0,1.0,0.5,0.9,1.1749999999999998,15.972369504635022,0.7697415493525358,0.0,0.07827030642377554,False,0.3,0.0,17,False,0.27680443452277664,34.36041906257956,77,6,0.2973229749629245,0.24953882817195633,0.0,0.6664842941069107,0.7399482333683188,0.6801484048730233,0.43790860383861974,0.3117438687008306,focused_viewer,5,8,14,2,False,False,0
user_0008,user_0008_session_000,,135,1749632170.8645573,2025-06-11 14:26:10,17.31944468273891,0.2500000000000001,122.0,0.6857313641727224,3.793253172917294,0,2,play,7.947946199776741,14,False,0.0,0,0,fire_tv_cube,29.721597471493492,0.8992935010988138,0.0,0.42944776375328936,0.32,0.764,1.0,0.0,1.0,0.5,0.9,1.2499999999999998,6.935922255336354,0.8683629457083702,0.0,0.2802020979330237,False,0.3,0.0,21,False,0.5783800169015145,39.56282183131211,77,6,0.37148914134072436,0.3452808186222977,216.81609705153068,0.238053269553457,0.7345021830911057,0.45796437160645576,0.5188535928336557,0.5881549178535632,focused_viewer,6,8,14,2,False,False,0
user_0008,user_0008_session_000,,136,1749632192.8157616,2025-06-11 14:26:32,21.95120422661398,0.2500000000000001,122.0,0.07934618888005997,6.833021319411319,0,0,play,4.894652363016736,21,False,0.0,0,1,fire_tv_cube,45.394964842921546,0.9398076175777407,0.0,0.47911257043402744,0.4,0.758,1.0,0.0,1.0,0.5,0.9,1.3249999999999997,2.9475783255129167,0.8189403820932383,0.14285714285714285,0.10571948463747068,False,0.3,0.0,16,False,0.456772319278512,46.97137776359314,78,6,0.33152086947279086,0.792744856136865,171.08161654253638,0.5843532507933205,0.8102505358236078,0.6643452544920623,0.4922604043076719,0.7222672539119872,focused_viewer,7,8,14,2,False,False,0
user_0008,user_0008_session_001,,137,1749461333.464274,2025-06-09 14:58:53,0.0,0.2500000000000001,122.0,0.6788027919824999,2.1653302855116476,0,2,play,7.091172112361209,0,False,0.0,0,1,fire_tv_cube,91.77005037216801,0.9108582129462,0.0,0.41333509911285476,0.0,0.8,1.0,0.0,1.0,0.5,0.9,0.7999999999999998,6.737516461736896,1.0,0.0,0.43110626386715795,False,0.3,0.0,19,False,0.5815459929187289,28.369140073476345,74,6,0.3316530234839957,0.6680591653168488,254.5036333440958,0.18005754689223433,0.7654982249550328,0.1537737871302929,0.6772565244138684,0.6592663697628195,focused_viewer,0,6,14,0,False,False,0
user_0008,user_0008_session_001,,138,1749461364.0395703,2025-06-09 14:59:24,30.5752964587007,0.2500000000000001,122.0,0.43732803611290755,2.780365372451226,0,1,play,8.445230190040508,20,False,0.0,0,0,fire_tv_cube,95.61464001506872,0.9463651258304094,0.0,0.5094849063924044,0.08,0.794,1.0,0.0,1.0,0.5,0.9,0.8749999999999998,2.88241929229764,1.0,0.0,0.47039033038837524,False,0.3,0.0,19,False,0.8161668121327996,67.75101793902992,80,6,0.31360854078732747,0.3804643097637664,0.0,1.2091245956833088,0.818929804813789,0.2474568473056767,0.3982779410334603,0.6469786436103049,focused_viewer,1,6,14,0,False,False,0
user_0008,user_0008_session_001,,139,1749461411.5932083,2025-06-09 15:00:11,47.55363797929499,0.14644660940672644,122.0,0.5717569342590892,2.4230031357556427,0,0,play,4.144160249224441,0,False,0.0,0,1,fire_tv_cube,15.96364679405319,1.0099294955139528,0.0,0.4734193891118328,0.16,0.788,1.0,0.0,1.0,0.5,0.9,0.9499999999999998,3.205789713396417,1.0,0.0,0.26636005905682214,False,0.3,0.0,11,False,0.4963584883351109,32.49217249061212,70,6,0.32844542434559654,0.8134361832617769,0.0,0.3704508777614411,0.7555277216175884,0.5956973520521486,0.3331263715406175,0.7343678136479314,focused_viewer,2,6,15,0,False,False,0
user_0008,user_0008_session_001,,140,1749461434.0358443,2025-06-09 15:00:34,22.44263606694676,0.14644660940672644,122.0,0.18414443188135357,6.863684060655158,0,0,play,5.444648871043568,0,False,0.0,0,1,fire_tv_cube,76.66054869923698,0.9452372052572259,0.0,0.44217246094263185,0.16,0.782,1.0,0.0,1.0,0.5,0.9,1.025,11.591663338127585,1.0,0.0,0.12993177546134227,False,0.3,0.0,3,False,0.6186773595836829,22.865490832296615,78,6,0.3448327326829803,0.28818225770237066,0.0,0.8473805870215068,0.8018258026456899,0.5961210046795168,0.4983786036006902,0.6340919433344762,focused_viewer,3,6,15,0,False,False,0
user_0008,user_0008_session_001,,141,1749461485.2419398,2025-06-09 15:01:25,51.206095532262076,0.14644660940672644,122.0,0.10238121444733728,5.423110864375045,0,0,play,3.525578085824485,0,False,0.0,0,0,fire_tv_cube,117.95677203930812,0.9771657561265173,0.0,0.3463772751859747,0.16,0.776,1.0,0.0,1.0,0.5,0.9,1.0999999999999999,3.5844684027537577,0.5632904558367322,0.0,0.18470965049228402,False,0.3,0.0,6,True,0.8103112282665903,52.489132748914784,84,6,0.39495291301496677,0.7140219056085946,0.0,0.5533488087527602,0.7939262321399636,0.5467414161168899,0.7100006000282703,0.37038249751752667,focused_viewer,4,6,15,0,False,False,0
user_0008,user_0008_session_001,,142,1749461487.7680771,2025-06-09 15:01:27,2.526137387857088,0.14644660940672644,122.0,0.10709769887780854,4.046299825420469,0,1,play,2.409825429405662,20,False,0.0,0,2,fire_tv_cube,27.740667066254055,0.980693034201827,0.0,0.3814375784477355,0.16,0.77,1.0,0.0,1.0,0.5,0.9,1.1749999999999998,4.815561501672341,0.8186882473726386,0.0,0.1154904491718576,False,0.3,0.0,13,False,0.6379824819001028,35.513746107128746,69,6,0.39966688111086446,0.7033346685550154,0.0,0.3434292813859737,0.8034212693177863,0.2020629298425726,0.7948094232563467,0.5815019363137175,focused_viewer,5,6,15,0,False,False,0
user_0009,user_0009_session_000,,143,1748816804.464274,2025-06-02 03:56:44,0.0,0.8535533905932737,90.0,0.27370547577112386,4.069253200692849,0,1,play,5.510906147083152,0,False,0.0,0,0,fire_tv_stick,22.400819479052306,0.9281407958816529,0.0,0.30430899395256483,0.0,0.6,1.0,0.0,1.0,0.5,0.5,1.6,5.5229536079817745,1.0,0.0,0.1694042846402253,False,0.5,0.0,8,True,0.7027326209104702,36.25354046062026,77,6,0.7611328427229385,0.38496498705406784,0.0,0.4298444658184487,0.6233787785539879,0.1830810024548387,0.6135050257953844,0.39319597381831717,casual_browser,0,8,3,0,False,False,0
user_0009,user_0009_session_000,,144,1748816928.2757227,2025-06-02 03:58:48,123.81144870855275,0.8535533905932737,90.0,0.2346044231662578,3.3194965950388826,0,0,play,6.814375403716182,0,False,0.0,0,0,fire_tv_stick,110.6170547946331,0.9045932547843101,0.0,0.22530107858245801,0.08,0.5955,1.0,0.0,1.0,0.5,0.5,1.675,5.727216006389493,1.0,0.0,0.26549975753027066,False,0.5,0.0,18,False,0.9073260262006225,4.691843260743199,71,6,0.8596438462470789,0.5025353989035001,0.0,0.6984087489782511,0.6219243686642644,0.39268161618535896,0.9044547612130236,0.41719971520961363,casual_browser,1,8,3,0,False,False,0
user_0009,user_0009_session_000,content_38,145,1748816958.3850849,2025-06-02 03:59:18,30.109362062465433,0.8535533905932737,90.0,0.6768035120008674,3.526669097369304,0,0,play,11.87358698894887,0,False,0.4,0,0,fire_tv_stick,23.03856566049242,1.020773485480739,0.0,0.39888778094486865,0.08,0.591,1.0,0.5,1.0,0.5,0.5,1.75,9.466158521585474,1.0,0.0,0.0964054661327173,False,0.5,0.75,15,False,0.6736565228933568,17.77363252463136,77,6,0.8867828262808548,0.6746980784098507,0.0,3.6013681270246334,0.6356353219785579,0.31535137164965615,0.309581865799472,0.2901958417748049,casual_browser,2,8,3,0,False,False,1
user_0009,user_0009_session_000,,146,1748817037.608056,2025-06-02 04:00:37,79.22297126190946,0.9330127018922193,90.0,0.302159360913165,6.664579515878565,0,0,play,4.6187335828746505,0,False,0.0,0,0,fire_tv_stick,35.65066135123575,0.9397289763907123,0.0,0.27216124754210874,0.08,0.5865,1.0,0.3333333333333333,0.8638544111636353,0.5,0.5,1.8250000000000002,7.532690424149633,1.0,0.0,0.14701065860769916,False,0.5,0.5,4,False,0.7754429058576938,51.2346601678316,72,6,0.888072714268369,0.2505756307530523,0.0,3.454577852162841,0.6133004179554937,0.30596540465473276,0.939141393375821,0.4488734615051734,casual_browser,3,8,4,0,False,False,0
user_0009,user_0009_session_000,content_23,147,1748817125.6738448,2025-06-02 04:02:05,88.06578866642997,0.9330127018922193,90.0,0.3184923504472731,11.042331026702596,0,0,play,3.749881405625831,0,False,0.4,0,0,fire_tv_stick,10.86538492043814,0.9336334789518654,0.0,0.3009070914187355,0.08,0.582,1.0,0.5,0.8638544111636353,0.5,0.5,1.9000000000000001,10.058813617131317,0.9085660819098104,0.0,0.45265781831306307,False,0.5,0.75,5,False,0.7400880916922561,53.107289821349255,73,6,0.8051938022306966,0.4013278857083784,0.0,1.7449495736188796,0.5793695432071198,0.22544505707264598,0.7756419866688444,0.46357653593861575,casual_browser,4,8,4,0,False,False,1
user_0009,user_0009_session_000,content_25,148,1748817217.782123,2025-06-02 04:03:37,92.1082783485691,0.9330127018922193,90.0,0.7827336877026025,4.192917963174617,0,0,play,4.482106812155762,0,False,0.4,0,0,fire_tv_stick,45.60974520742802,0.8993516095331073,0.0,0.36688337382234615,0.08,0.5775,1.0,0.6,0.6728398099878878,0.5,0.5,1.975,7.136667888191594,0.5277667860213082,0.0,0.39599981624733605,False,0.5,0.8999999999999999,6,True,0.8059723367413292,81.83223958729731,75,6,0.7340549429994654,0.36306684212802504,0.0,6.325834098718705,0.6398275204487709,0.27816618400483445,0.47933205815707214,0.41315702413848276,casual_browser,5,8,4,0,False,False,1
user_0009,user_0009_session_000,,149,1748817277.056724,2025-06-02 04:04:37,59.2746009424081,0.9330127018922193,90.0,0.3927133829607735,4.465427931769776,0,1,play,4.763595834055175,0,False,0.0,0,0,fire_tv_stick,30.501839091075865,0.9558901106865605,0.0,0.2770156167909209,0.08,0.573,1.0,0.5,0.5669123730543825,0.5,0.5,2.05,4.915189715488144,0.8389631834160225,0.0,0.18107785664390683,False,0.5,0.75,24,False,0.9087656809938334,31.245746756067753,72,6,0.8967399829870589,0.5096033304174863,0.0,3.8789189499889716,0.5506140973731338,0.39608473912773695,0.8769644798616256,0.32532935011425673,casual_browser,6,8,4,0,False,False,0
user_0009,user_0009_session_000,,150,1748817310.458353,2025-06-02 04:05:10,33.40162890623377,0.9330127018922193,90.0,0.4006201452135399,3.888077485441496,0,0,play,5.783677644958324,0,False,0.0,0,1,fire_tv_stick,12.92744764397262,0.9488655405817344,0.0,0.3520986343616517,0.16,0.5685,1.0,0.42857142857142855,0.5669123730543825,0.5,0.5,2.125,7.4387072120324635,0.6094941254995436,0.0,0.31332388043338105,False,0.5,0.6428571428571428,15,True,0.5378665344298139,28.305647993377036,60,6,0.7586674124327148,0.33104805280655736,0.0,8.20705622373124,0.545495732444413,0.41085560645560343,0.29267687189833014,0.24434616498826894,casual_browser,7,8,4,0,False,False,0
user_0009,user_0009_session_001,,151,1749902403.464274,2025-06-14 17:30:03,0.0,0.017037086855465844,90.0,0.5873480756464307,4.977001307843297,0,0,play,10.831213967192998,0,False,0.0,0,0,fire_tv_stick,9.003345534403454,1.00385872355502,0.0,0.3514925808342193,0.0,0.6,1.0,0.0,1.0,0.5,0.5,1.6,9.453172200706803,1.0,0.0,0.24913094388658222,True,0.5,0.0,11,True,0.6107506365113854,21.942491946615963,73,6,0.7578727763449102,0.5742500140631295,206.30257518564406,1.1595782839631896,0.5670367728844724,0.4598308797063542,0.957931535693297,0.24285521874872132,casual_browser,0,6,17,5,True,False,0
user_0009,user_0009_session_001,,152,1749902486.448975,2025-06-14 17:31:26,82.98470105866905,0.017037086855465844,90.0,0.378821122251679,4.818918038730416,0,0,play,8.095165092509673,0,False,0.0,0,1,fire_tv_stick,93.46268618204006,1.0364154418182745,0.0,0.21019033202013848,0.0,0.5955,1.0,0.0,1.0,0.5,0.5,1.675,7.115187695739987,1.0,0.0,0.36558972708390464,True,0.5,0.0,23,False,0.7301727160221025,99.3648312721277,79,6,0.8351393879861974,0.445555344996374,0.0,0.13770783682157461,0.6253451034448266,0.2601741362057098,0.4605211738373875,0.378791359008738,casual_browser,1,6,17,5,True,False,0
user_0009,user_0009_session_001,content_36,153,1749902514.9414606,2025-06-14 17:31:54,28.492485607743767,0.017037086855465844,90.0,0.18897798970929663,9.036745751002814,0,0,play,3.686147941722829,0,False,0.4,0,0,fire_tv_stick,57.44763716810502,0.9240690533897976,0.0,0.39731014368802964,0.0,0.591,1.0,0.5,1.0,0.5,0.5,1.75,6.943764979332516,1.0,0.0,0.12642258411799542,True,0.5,0.75,21,False,0.6351180404867143,68.85719907389343,69,6,0.778619846287782,0.6818172206641558,0.0,1.9778062958568292,0.5698959649429325,0.4061866762890936,0.8454591577482866,0.18753047772460701,casual_browser,2,6,17,5,True,False,1
user_0009,user_0009_session_001,,154,1749902526.8329065,2025-06-14 17:32:06,11.8914457965247,0.017037086855465844,90.0,0.6171933587891664,4.177317572247699,0,0,play,4.8933149829868094,0,True,0.0,0,0,fire_tv_stick,43.58912732332562,1.0241214086601325,0.0,0.2911748814692247,0.0,0.5865,1.0,0.3333333333333333,0.4483581285075792,0.5,0.5,1.8250000000000002,7.00109429881471,1.0,0.0,0.1413488422909948,True,0.5,0.5,2,False,0.3843929961510854,24.077747752262717,64,6,0.7644076822484135,0.547435326943233,0.0,0.11905316937245468,0.549146406063621,0.3062548339026524,0.8824621640275693,0.2538746089063732,casual_browser,3,6,17,5,True,False,0
user_0009,user_0009_session_001,,155,1749902548.4353676,2025-06-14 17:32:28,21.60246108408366,0.017037086855465844,94.8,0.44204474003478844,3.7198547072173094,0,1,play,5.374445817138222,0,False,0.0,0,0,fire_tv_stick,85.92986950979302,1.0305666535138955,0.12,0.3048249247246538,0.0,0.582,1.0,0.25,0.4483581285075792,0.5,0.488,1.9000000000000001,5.601224669939965,0.9818147229583318,0.0,0.08049817718206849,True,0.5,0.375,4,False,0.8885208830664404,79.68259537705711,66,6,0.7842053688600921,0.47718636942978326,0.0,2.61341626551281,0.5597759847407918,0.36565777964762675,0.3443289911547979,0.0809076886654304,casual_browser,4,6,17,5,True,False,0
user_0009,user_0009_session_001,content_48,156,1749902638.4255018,2025-06-14 17:33:58,89.99013433159652,0.017037086855465844,94.8,0.7703725850358103,5.184929191971463,0,0,play,5.601307104019023,0,False,0.4,0,0,fire_tv_stick,38.39488834431975,0.8718635224507625,0.12,0.24382616752813469,0.08,0.5775,1.0,0.4,0.4483581285075792,0.5,0.488,1.975,11.373766447033445,0.7429636684099368,0.2,0.20744640052375846,True,0.5,0.6000000000000001,24,False,0.7215815745869982,82.43847047590717,70,6,0.8656561348660581,0.6671128836979764,0.0,3.828430227936964,0.6050647678046044,0.3842014255570597,0.8088972121721305,0.39939783272528623,casual_browser,5,6,17,5,True,False,1
